
============================================================
RLM-MCP QLoRA Fine-Tuning
============================================================
  Data     : /home/smayan/Desktop/RLM MCP/RLM-research/data/trajectories_all_complex_full.jsonl
  Output   : /home/smayan/Desktop/RLM MCP/RLM-research/finetuned/qwen3.5-4b-rlm-lora-all-complex
  Epochs   : 3
  LR       : 0.0002
  Max len  : 1536
============================================================

🦥 Unsloth: Will patch your computer to enable 2x faster free finetuning.
🦥 Unsloth Zoo will now patch everything to make training faster!

Attempting to load: Qwen/Qwen3.5-4B
==((====))==  Unsloth 2026.3.4: Fast Qwen3_5 patching. Transformers: 5.2.0.
   \\   /|    NVIDIA GeForce RTX 4070 SUPER. Num GPUs = 1. Max memory: 11.7 GB. Platform: Linux.
O^O/ \_/ \    Torch: 2.6.0+cu126. CUDA: 8.9. CUDA Toolkit: 12.6. Triton: 3.2.0
\        /    Bfloat16 = TRUE. FA [Xformers = 0.0.29.post3. FA2 = False]
 "-____-"     Free license: http://github.com/unslothai/unsloth
Unsloth: Fast downloading is enabled - ignore downloading bars which are red colored!
The fast path is not available because one of the required library is not installed. Falling back to torch implementation. To install follow https://github.com/fla-org/flash-linear-attention#installation and https://github.com/Dao-AILab/causal-conv1d

Loading weights:   0%|          | 0/723 [00:00<?, ?it/s]
Loading weights:   0%|          | 1/723 [00:00<00:00, 14665.40it/s, Materializing param=model.language_model.embed_tokens.weight]
Loading weights:   0%|          | 1/723 [00:00<00:15, 47.45it/s, Materializing param=model.language_model.embed_tokens.weight]   
Loading weights:   0%|          | 2/723 [00:00<00:18, 38.70it/s, Materializing param=model.language_model.layers.0.input_layernorm.weight]
Loading weights:   0%|          | 2/723 [00:00<00:18, 38.64it/s, Materializing param=model.language_model.layers.0.input_layernorm.weight]
Loading weights:   0%|          | 3/723 [00:00<00:12, 57.87it/s, Materializing param=model.language_model.layers.0.linear_attn.A_log]     
Loading weights:   0%|          | 3/723 [00:00<00:12, 57.84it/s, Materializing param=model.language_model.layers.0.linear_attn.A_log]
Loading weights:   1%|          | 4/723 [00:00<00:09, 76.82it/s, Materializing param=model.language_model.layers.0.linear_attn.conv1d.weight]
Loading weights:   1%|          | 4/723 [00:00<00:09, 76.15it/s, Materializing param=model.language_model.layers.0.linear_attn.conv1d.weight]
Loading weights:   1%|          | 5/723 [00:00<00:07, 94.57it/s, Materializing param=model.language_model.layers.0.linear_attn.dt_bias]      
Loading weights:   1%|          | 5/723 [00:00<00:07, 94.50it/s, Materializing param=model.language_model.layers.0.linear_attn.dt_bias]
Loading weights:   1%|          | 6/723 [00:00<00:06, 113.28it/s, Materializing param=model.language_model.layers.0.linear_attn.in_proj_a.weight]
Loading weights:   1%|          | 6/723 [00:00<00:06, 113.23it/s, Materializing param=model.language_model.layers.0.linear_attn.in_proj_a.weight]
Loading weights:   1%|          | 7/723 [00:00<00:11, 64.54it/s, Materializing param=model.language_model.layers.0.linear_attn.in_proj_a.weight] 
Loading weights:   1%|          | 7/723 [00:00<00:11, 64.54it/s, Materializing param=model.language_model.layers.0.linear_attn.in_proj_b.weight]
Loading weights:   1%|          | 7/723 [00:00<00:11, 64.54it/s, Materializing param=model.language_model.layers.0.linear_attn.in_proj_b.weight]
Loading weights:   1%|          | 8/723 [00:00<00:11, 64.54it/s, Materializing param=model.language_model.layers.0.linear_attn.in_proj_qkv.weight]
Loading weights:   1%|          | 8/723 [00:00<00:11, 64.54it/s, Materializing param=model.language_model.layers.0.linear_attn.in_proj_qkv.weight]
Loading weights:   1%|          | 9/723 [00:00<00:11, 64.54it/s, Materializing param=model.language_model.layers.0.linear_attn.in_proj_z.weight]  
Loading weights:   1%|          | 9/723 [00:00<00:11, 64.54it/s, Materializing param=model.language_model.layers.0.linear_attn.in_proj_z.weight]
Loading weights:   1%|▏         | 10/723 [00:00<00:11, 64.54it/s, Materializing param=model.language_model.layers.0.linear_attn.norm.weight]    
Loading weights:   1%|▏         | 10/723 [00:00<00:11, 64.54it/s, Materializing param=model.language_model.layers.0.linear_attn.norm.weight]
Loading weights:   2%|▏         | 11/723 [00:00<00:11, 64.54it/s, Materializing param=model.language_model.layers.0.linear_attn.out_proj.weight]
Loading weights:   2%|▏         | 11/723 [00:00<00:11, 64.54it/s, Materializing param=model.language_model.layers.0.linear_attn.out_proj.weight]
Loading weights:   2%|▏         | 12/723 [00:00<00:11, 64.54it/s, Materializing param=model.language_model.layers.0.mlp.down_proj.weight]       
Loading weights:   2%|▏         | 12/723 [00:00<00:11, 64.54it/s, Materializing param=model.language_model.layers.0.mlp.down_proj.weight]
Loading weights:   2%|▏         | 13/723 [00:00<00:11, 64.54it/s, Materializing param=model.language_model.layers.0.mlp.gate_proj.weight]
Loading weights:   2%|▏         | 13/723 [00:00<00:11, 64.54it/s, Materializing param=model.language_model.layers.0.mlp.gate_proj.weight]
Loading weights:   2%|▏         | 14/723 [00:00<00:16, 43.65it/s, Materializing param=model.language_model.layers.0.mlp.gate_proj.weight]
Loading weights:   2%|▏         | 14/723 [00:00<00:16, 43.65it/s, Materializing param=model.language_model.layers.0.mlp.up_proj.weight]  
Loading weights:   2%|▏         | 14/723 [00:00<00:16, 43.65it/s, Materializing param=model.language_model.layers.0.mlp.up_proj.weight]
Loading weights:   2%|▏         | 15/723 [00:00<00:16, 43.65it/s, Materializing param=model.language_model.layers.0.post_attention_layernorm.weight]
Loading weights:   2%|▏         | 15/723 [00:00<00:16, 43.65it/s, Materializing param=model.language_model.layers.0.post_attention_layernorm.weight]
Loading weights:   2%|▏         | 16/723 [00:00<00:16, 43.65it/s, Materializing param=model.language_model.layers.1.input_layernorm.weight]         
Loading weights:   2%|▏         | 16/723 [00:00<00:16, 43.65it/s, Materializing param=model.language_model.layers.1.input_layernorm.weight]
Loading weights:   2%|▏         | 17/723 [00:00<00:16, 43.65it/s, Materializing param=model.language_model.layers.1.linear_attn.A_log]     
Loading weights:   2%|▏         | 17/723 [00:00<00:16, 43.65it/s, Materializing param=model.language_model.layers.1.linear_attn.A_log]
Loading weights:   2%|▏         | 18/723 [00:00<00:16, 43.65it/s, Materializing param=model.language_model.layers.1.linear_attn.conv1d.weight]
Loading weights:   2%|▏         | 18/723 [00:00<00:16, 43.65it/s, Materializing param=model.language_model.layers.1.linear_attn.conv1d.weight]
Loading weights:   3%|▎         | 19/723 [00:00<00:16, 43.65it/s, Materializing param=model.language_model.layers.1.linear_attn.dt_bias]      
Loading weights:   3%|▎         | 19/723 [00:00<00:16, 43.65it/s, Materializing param=model.language_model.layers.1.linear_attn.dt_bias]
Loading weights:   3%|▎         | 20/723 [00:00<00:16, 43.65it/s, Materializing param=model.language_model.layers.1.linear_attn.in_proj_a.weight]
Loading weights:   3%|▎         | 20/723 [00:00<00:16, 43.65it/s, Materializing param=model.language_model.layers.1.linear_attn.in_proj_a.weight]
Loading weights:   3%|▎         | 21/723 [00:00<00:16, 43.65it/s, Materializing param=model.language_model.layers.1.linear_attn.in_proj_b.weight]
Loading weights:   3%|▎         | 21/723 [00:00<00:16, 43.65it/s, Materializing param=model.language_model.layers.1.linear_attn.in_proj_b.weight]
Loading weights:   3%|▎         | 22/723 [00:00<00:16, 43.65it/s, Materializing param=model.language_model.layers.1.linear_attn.in_proj_qkv.weight]
Loading weights:   3%|▎         | 22/723 [00:00<00:16, 43.65it/s, Materializing param=model.language_model.layers.1.linear_attn.in_proj_qkv.weight]
Loading weights:   3%|▎         | 23/723 [00:00<00:12, 55.61it/s, Materializing param=model.language_model.layers.1.linear_attn.in_proj_qkv.weight]
Loading weights:   3%|▎         | 23/723 [00:00<00:12, 55.61it/s, Materializing param=model.language_model.layers.1.linear_attn.in_proj_z.weight]  
Loading weights:   3%|▎         | 23/723 [00:00<00:12, 55.61it/s, Materializing param=model.language_model.layers.1.linear_attn.in_proj_z.weight]
Loading weights:   3%|▎         | 24/723 [00:00<00:12, 55.61it/s, Materializing param=model.language_model.layers.1.linear_attn.norm.weight]     
Loading weights:   3%|▎         | 24/723 [00:00<00:12, 55.61it/s, Materializing param=model.language_model.layers.1.linear_attn.norm.weight]
Loading weights:   3%|▎         | 25/723 [00:00<00:12, 55.61it/s, Materializing param=model.language_model.layers.1.linear_attn.out_proj.weight]
Loading weights:   3%|▎         | 25/723 [00:00<00:12, 55.61it/s, Materializing param=model.language_model.layers.1.linear_attn.out_proj.weight]
Loading weights:   4%|▎         | 26/723 [00:00<00:12, 55.61it/s, Materializing param=model.language_model.layers.1.mlp.down_proj.weight]       
Loading weights:   4%|▎         | 26/723 [00:00<00:12, 55.61it/s, Materializing param=model.language_model.layers.1.mlp.down_proj.weight]
Loading weights:   4%|▎         | 27/723 [00:00<00:12, 55.61it/s, Materializing param=model.language_model.layers.1.mlp.gate_proj.weight]
Loading weights:   4%|▎         | 27/723 [00:00<00:12, 55.61it/s, Materializing param=model.language_model.layers.1.mlp.gate_proj.weight]
Loading weights:   4%|▍         | 28/723 [00:00<00:12, 55.61it/s, Materializing param=model.language_model.layers.1.mlp.up_proj.weight]  
Loading weights:   4%|▍         | 28/723 [00:00<00:12, 55.61it/s, Materializing param=model.language_model.layers.1.mlp.up_proj.weight]
Loading weights:   4%|▍         | 29/723 [00:00<00:14, 49.56it/s, Materializing param=model.language_model.layers.1.mlp.up_proj.weight]
Loading weights:   4%|▍         | 29/723 [00:00<00:14, 49.56it/s, Materializing param=model.language_model.layers.1.post_attention_layernorm.weight]
Loading weights:   4%|▍         | 29/723 [00:00<00:14, 49.56it/s, Materializing param=model.language_model.layers.1.post_attention_layernorm.weight]
Loading weights:   4%|▍         | 30/723 [00:00<00:13, 49.56it/s, Materializing param=model.language_model.layers.2.input_layernorm.weight]         
Loading weights:   4%|▍         | 30/723 [00:00<00:13, 49.56it/s, Materializing param=model.language_model.layers.2.input_layernorm.weight]
Loading weights:   4%|▍         | 31/723 [00:00<00:13, 49.56it/s, Materializing param=model.language_model.layers.2.linear_attn.A_log]     
Loading weights:   4%|▍         | 31/723 [00:00<00:13, 49.56it/s, Materializing param=model.language_model.layers.2.linear_attn.A_log]
Loading weights:   4%|▍         | 32/723 [00:00<00:13, 49.56it/s, Materializing param=model.language_model.layers.2.linear_attn.conv1d.weight]
Loading weights:   4%|▍         | 32/723 [00:00<00:13, 49.56it/s, Materializing param=model.language_model.layers.2.linear_attn.conv1d.weight]
Loading weights:   5%|▍         | 33/723 [00:00<00:13, 49.56it/s, Materializing param=model.language_model.layers.2.linear_attn.dt_bias]      
Loading weights:   5%|▍         | 33/723 [00:00<00:13, 49.56it/s, Materializing param=model.language_model.layers.2.linear_attn.dt_bias]
Loading weights:   5%|▍         | 34/723 [00:00<00:13, 49.56it/s, Materializing param=model.language_model.layers.2.linear_attn.in_proj_a.weight]
Loading weights:   5%|▍         | 34/723 [00:00<00:13, 49.56it/s, Materializing param=model.language_model.layers.2.linear_attn.in_proj_a.weight]
Loading weights:   5%|▍         | 35/723 [00:00<00:13, 49.56it/s, Materializing param=model.language_model.layers.2.linear_attn.in_proj_b.weight]
Loading weights:   5%|▍         | 35/723 [00:00<00:13, 49.56it/s, Materializing param=model.language_model.layers.2.linear_attn.in_proj_b.weight]
Loading weights:   5%|▍         | 36/723 [00:00<00:13, 49.56it/s, Materializing param=model.language_model.layers.2.linear_attn.in_proj_qkv.weight]
Loading weights:   5%|▍         | 36/723 [00:00<00:13, 49.56it/s, Materializing param=model.language_model.layers.2.linear_attn.in_proj_qkv.weight]
Loading weights:   5%|▌         | 37/723 [00:00<00:13, 49.56it/s, Materializing param=model.language_model.layers.2.linear_attn.in_proj_z.weight]  
Loading weights:   5%|▌         | 37/723 [00:00<00:13, 49.56it/s, Materializing param=model.language_model.layers.2.linear_attn.in_proj_z.weight]
Loading weights:   5%|▌         | 38/723 [00:00<00:13, 49.56it/s, Materializing param=model.language_model.layers.2.linear_attn.norm.weight]     
Loading weights:   5%|▌         | 38/723 [00:00<00:13, 49.56it/s, Materializing param=model.language_model.layers.2.linear_attn.norm.weight]
Loading weights:   5%|▌         | 39/723 [00:00<00:13, 49.56it/s, Materializing param=model.language_model.layers.2.linear_attn.out_proj.weight]
Loading weights:   5%|▌         | 39/723 [00:00<00:13, 49.56it/s, Materializing param=model.language_model.layers.2.linear_attn.out_proj.weight]
Loading weights:   6%|▌         | 40/723 [00:00<00:13, 49.56it/s, Materializing param=model.language_model.layers.2.mlp.down_proj.weight]       
Loading weights:   6%|▌         | 40/723 [00:00<00:13, 49.56it/s, Materializing param=model.language_model.layers.2.mlp.down_proj.weight]
Loading weights:   6%|▌         | 41/723 [00:00<00:13, 49.56it/s, Materializing param=model.language_model.layers.2.mlp.gate_proj.weight]
Loading weights:   6%|▌         | 41/723 [00:00<00:13, 49.56it/s, Materializing param=model.language_model.layers.2.mlp.gate_proj.weight]
Loading weights:   6%|▌         | 42/723 [00:00<00:13, 49.56it/s, Materializing param=model.language_model.layers.2.mlp.up_proj.weight]  
Loading weights:   6%|▌         | 42/723 [00:00<00:13, 49.56it/s, Materializing param=model.language_model.layers.2.mlp.up_proj.weight]
Loading weights:   6%|▌         | 43/723 [00:00<00:13, 49.56it/s, Materializing param=model.language_model.layers.2.post_attention_layernorm.weight]
Loading weights:   6%|▌         | 43/723 [00:00<00:13, 49.56it/s, Materializing param=model.language_model.layers.2.post_attention_layernorm.weight]
Loading weights:   6%|▌         | 44/723 [00:00<00:13, 49.56it/s, Materializing param=model.language_model.layers.3.input_layernorm.weight]         
Loading weights:   6%|▌         | 44/723 [00:00<00:13, 49.56it/s, Materializing param=model.language_model.layers.3.input_layernorm.weight]
Loading weights:   6%|▌         | 45/723 [00:00<00:13, 49.56it/s, Materializing param=model.language_model.layers.3.mlp.down_proj.weight]  
Loading weights:   6%|▌         | 45/723 [00:00<00:13, 49.56it/s, Materializing param=model.language_model.layers.3.mlp.down_proj.weight]
Loading weights:   6%|▋         | 46/723 [00:00<00:13, 49.56it/s, Materializing param=model.language_model.layers.3.mlp.gate_proj.weight]
Loading weights:   6%|▋         | 46/723 [00:00<00:13, 49.56it/s, Materializing param=model.language_model.layers.3.mlp.gate_proj.weight]
Loading weights:   7%|▋         | 47/723 [00:00<00:13, 49.56it/s, Materializing param=model.language_model.layers.3.mlp.up_proj.weight]  
Loading weights:   7%|▋         | 47/723 [00:00<00:13, 49.56it/s, Materializing param=model.language_model.layers.3.mlp.up_proj.weight]
Loading weights:   7%|▋         | 48/723 [00:00<00:13, 49.56it/s, Materializing param=model.language_model.layers.3.post_attention_layernorm.weight]
Loading weights:   7%|▋         | 48/723 [00:00<00:13, 49.56it/s, Materializing param=model.language_model.layers.3.post_attention_layernorm.weight]
Loading weights:   7%|▋         | 49/723 [00:00<00:13, 49.56it/s, Materializing param=model.language_model.layers.3.self_attn.k_norm.weight]        
Loading weights:   7%|▋         | 49/723 [00:00<00:13, 49.56it/s, Materializing param=model.language_model.layers.3.self_attn.k_norm.weight]
Loading weights:   7%|▋         | 50/723 [00:00<00:13, 49.56it/s, Materializing param=model.language_model.layers.3.self_attn.k_proj.weight]
Loading weights:   7%|▋         | 50/723 [00:00<00:13, 49.56it/s, Materializing param=model.language_model.layers.3.self_attn.k_proj.weight]
Loading weights:   7%|▋         | 51/723 [00:00<00:13, 49.56it/s, Materializing param=model.language_model.layers.3.self_attn.o_proj.weight]
Loading weights:   7%|▋         | 51/723 [00:00<00:13, 49.56it/s, Materializing param=model.language_model.layers.3.self_attn.o_proj.weight]
Loading weights:   7%|▋         | 52/723 [00:00<00:13, 49.56it/s, Materializing param=model.language_model.layers.3.self_attn.q_norm.weight]
Loading weights:   7%|▋         | 52/723 [00:00<00:13, 49.56it/s, Materializing param=model.language_model.layers.3.self_attn.q_norm.weight]
Loading weights:   7%|▋         | 53/723 [00:00<00:13, 49.56it/s, Materializing param=model.language_model.layers.3.self_attn.q_proj.weight]
Loading weights:   7%|▋         | 53/723 [00:00<00:13, 49.56it/s, Materializing param=model.language_model.layers.3.self_attn.q_proj.weight]
Loading weights:   7%|▋         | 54/723 [00:00<00:13, 49.56it/s, Materializing param=model.language_model.layers.3.self_attn.v_proj.weight]
Loading weights:   7%|▋         | 54/723 [00:00<00:13, 49.56it/s, Materializing param=model.language_model.layers.3.self_attn.v_proj.weight]
Loading weights:   8%|▊         | 55/723 [00:00<00:13, 49.56it/s, Materializing param=model.language_model.layers.4.input_layernorm.weight] 
Loading weights:   8%|▊         | 55/723 [00:00<00:13, 49.56it/s, Materializing param=model.language_model.layers.4.input_layernorm.weight]
Loading weights:   8%|▊         | 56/723 [00:00<00:13, 49.56it/s, Materializing param=model.language_model.layers.4.linear_attn.A_log]     
Loading weights:   8%|▊         | 56/723 [00:00<00:13, 49.56it/s, Materializing param=model.language_model.layers.4.linear_attn.A_log]
Loading weights:   8%|▊         | 57/723 [00:00<00:13, 49.56it/s, Materializing param=model.language_model.layers.4.linear_attn.conv1d.weight]
Loading weights:   8%|▊         | 57/723 [00:00<00:13, 49.56it/s, Materializing param=model.language_model.layers.4.linear_attn.conv1d.weight]
Loading weights:   8%|▊         | 58/723 [00:00<00:13, 49.56it/s, Materializing param=model.language_model.layers.4.linear_attn.dt_bias]      
Loading weights:   8%|▊         | 58/723 [00:00<00:13, 49.56it/s, Materializing param=model.language_model.layers.4.linear_attn.dt_bias]
Loading weights:   8%|▊         | 59/723 [00:00<00:13, 49.56it/s, Materializing param=model.language_model.layers.4.linear_attn.in_proj_a.weight]
Loading weights:   8%|▊         | 59/723 [00:00<00:13, 49.56it/s, Materializing param=model.language_model.layers.4.linear_attn.in_proj_a.weight]
Loading weights:   8%|▊         | 60/723 [00:00<00:13, 49.56it/s, Materializing param=model.language_model.layers.4.linear_attn.in_proj_b.weight]
Loading weights:   8%|▊         | 60/723 [00:00<00:13, 49.56it/s, Materializing param=model.language_model.layers.4.linear_attn.in_proj_b.weight]
Loading weights:   8%|▊         | 61/723 [00:00<00:13, 49.56it/s, Materializing param=model.language_model.layers.4.linear_attn.in_proj_qkv.weight]
Loading weights:   8%|▊         | 61/723 [00:00<00:13, 49.56it/s, Materializing param=model.language_model.layers.4.linear_attn.in_proj_qkv.weight]
Loading weights:   9%|▊         | 62/723 [00:00<00:05, 127.55it/s, Materializing param=model.language_model.layers.4.linear_attn.in_proj_qkv.weight]
Loading weights:   9%|▊         | 62/723 [00:00<00:05, 127.55it/s, Materializing param=model.language_model.layers.4.linear_attn.in_proj_z.weight]  
Loading weights:   9%|▊         | 62/723 [00:00<00:05, 127.55it/s, Materializing param=model.language_model.layers.4.linear_attn.in_proj_z.weight]
Loading weights:   9%|▊         | 63/723 [00:00<00:05, 127.55it/s, Materializing param=model.language_model.layers.4.linear_attn.norm.weight]     
Loading weights:   9%|▊         | 63/723 [00:00<00:05, 127.55it/s, Materializing param=model.language_model.layers.4.linear_attn.norm.weight]
Loading weights:   9%|▉         | 64/723 [00:00<00:05, 127.55it/s, Materializing param=model.language_model.layers.4.linear_attn.out_proj.weight]
Loading weights:   9%|▉         | 64/723 [00:00<00:05, 127.55it/s, Materializing param=model.language_model.layers.4.linear_attn.out_proj.weight]
Loading weights:   9%|▉         | 65/723 [00:00<00:05, 127.55it/s, Materializing param=model.language_model.layers.4.mlp.down_proj.weight]       
Loading weights:   9%|▉         | 65/723 [00:00<00:05, 127.55it/s, Materializing param=model.language_model.layers.4.mlp.down_proj.weight]
Loading weights:   9%|▉         | 66/723 [00:00<00:05, 127.55it/s, Materializing param=model.language_model.layers.4.mlp.gate_proj.weight]
Loading weights:   9%|▉         | 66/723 [00:00<00:05, 127.55it/s, Materializing param=model.language_model.layers.4.mlp.gate_proj.weight]
Loading weights:   9%|▉         | 67/723 [00:00<00:05, 127.55it/s, Materializing param=model.language_model.layers.4.mlp.up_proj.weight]  
Loading weights:   9%|▉         | 67/723 [00:00<00:05, 127.55it/s, Materializing param=model.language_model.layers.4.mlp.up_proj.weight]
Loading weights:   9%|▉         | 68/723 [00:00<00:05, 127.55it/s, Materializing param=model.language_model.layers.4.post_attention_layernorm.weight]
Loading weights:   9%|▉         | 68/723 [00:00<00:05, 127.55it/s, Materializing param=model.language_model.layers.4.post_attention_layernorm.weight]
Loading weights:  10%|▉         | 69/723 [00:00<00:05, 127.55it/s, Materializing param=model.language_model.layers.5.input_layernorm.weight]         
Loading weights:  10%|▉         | 69/723 [00:00<00:05, 127.55it/s, Materializing param=model.language_model.layers.5.input_layernorm.weight]
Loading weights:  10%|▉         | 70/723 [00:00<00:05, 127.55it/s, Materializing param=model.language_model.layers.5.linear_attn.A_log]     
Loading weights:  10%|▉         | 70/723 [00:00<00:05, 127.55it/s, Materializing param=model.language_model.layers.5.linear_attn.A_log]
Loading weights:  10%|▉         | 71/723 [00:00<00:05, 127.55it/s, Materializing param=model.language_model.layers.5.linear_attn.conv1d.weight]
Loading weights:  10%|▉         | 71/723 [00:00<00:05, 127.55it/s, Materializing param=model.language_model.layers.5.linear_attn.conv1d.weight]
Loading weights:  10%|▉         | 72/723 [00:00<00:05, 127.55it/s, Materializing param=model.language_model.layers.5.linear_attn.dt_bias]      
Loading weights:  10%|▉         | 72/723 [00:00<00:05, 127.55it/s, Materializing param=model.language_model.layers.5.linear_attn.dt_bias]
Loading weights:  10%|█         | 73/723 [00:00<00:05, 127.55it/s, Materializing param=model.language_model.layers.5.linear_attn.in_proj_a.weight]
Loading weights:  10%|█         | 73/723 [00:00<00:05, 127.55it/s, Materializing param=model.language_model.layers.5.linear_attn.in_proj_a.weight]
Loading weights:  10%|█         | 74/723 [00:00<00:05, 127.55it/s, Materializing param=model.language_model.layers.5.linear_attn.in_proj_b.weight]
Loading weights:  10%|█         | 74/723 [00:00<00:05, 127.55it/s, Materializing param=model.language_model.layers.5.linear_attn.in_proj_b.weight]
Loading weights:  10%|█         | 75/723 [00:00<00:05, 127.55it/s, Materializing param=model.language_model.layers.5.linear_attn.in_proj_qkv.weight]
Loading weights:  10%|█         | 75/723 [00:00<00:05, 127.55it/s, Materializing param=model.language_model.layers.5.linear_attn.in_proj_qkv.weight]
Loading weights:  11%|█         | 76/723 [00:00<00:05, 127.55it/s, Materializing param=model.language_model.layers.5.linear_attn.in_proj_z.weight]  
Loading weights:  11%|█         | 76/723 [00:00<00:05, 127.55it/s, Materializing param=model.language_model.layers.5.linear_attn.in_proj_z.weight]
Loading weights:  11%|█         | 77/723 [00:00<00:05, 127.55it/s, Materializing param=model.language_model.layers.5.linear_attn.norm.weight]     
Loading weights:  11%|█         | 77/723 [00:00<00:05, 127.55it/s, Materializing param=model.language_model.layers.5.linear_attn.norm.weight]
Loading weights:  11%|█         | 78/723 [00:00<00:05, 127.55it/s, Materializing param=model.language_model.layers.5.linear_attn.out_proj.weight]
Loading weights:  11%|█         | 78/723 [00:00<00:05, 127.55it/s, Materializing param=model.language_model.layers.5.linear_attn.out_proj.weight]
Loading weights:  11%|█         | 79/723 [00:00<00:05, 127.55it/s, Materializing param=model.language_model.layers.5.mlp.down_proj.weight]       
Loading weights:  11%|█         | 79/723 [00:00<00:05, 127.55it/s, Materializing param=model.language_model.layers.5.mlp.down_proj.weight]
Loading weights:  11%|█         | 80/723 [00:00<00:05, 127.55it/s, Materializing param=model.language_model.layers.5.mlp.gate_proj.weight]
Loading weights:  11%|█         | 80/723 [00:00<00:05, 127.55it/s, Materializing param=model.language_model.layers.5.mlp.gate_proj.weight]
Loading weights:  11%|█         | 81/723 [00:00<00:05, 127.55it/s, Materializing param=model.language_model.layers.5.mlp.up_proj.weight]  
Loading weights:  11%|█         | 81/723 [00:00<00:05, 127.55it/s, Materializing param=model.language_model.layers.5.mlp.up_proj.weight]
Loading weights:  11%|█▏        | 82/723 [00:00<00:05, 127.55it/s, Materializing param=model.language_model.layers.5.post_attention_layernorm.weight]
Loading weights:  11%|█▏        | 82/723 [00:00<00:05, 127.55it/s, Materializing param=model.language_model.layers.5.post_attention_layernorm.weight]
Loading weights:  11%|█▏        | 83/723 [00:00<00:05, 127.55it/s, Materializing param=model.language_model.layers.6.input_layernorm.weight]         
Loading weights:  11%|█▏        | 83/723 [00:00<00:05, 127.55it/s, Materializing param=model.language_model.layers.6.input_layernorm.weight]
Loading weights:  12%|█▏        | 84/723 [00:00<00:05, 127.55it/s, Materializing param=model.language_model.layers.6.linear_attn.A_log]     
Loading weights:  12%|█▏        | 84/723 [00:00<00:05, 127.55it/s, Materializing param=model.language_model.layers.6.linear_attn.A_log]
Loading weights:  12%|█▏        | 85/723 [00:00<00:05, 127.55it/s, Materializing param=model.language_model.layers.6.linear_attn.conv1d.weight]
Loading weights:  12%|█▏        | 85/723 [00:00<00:05, 127.55it/s, Materializing param=model.language_model.layers.6.linear_attn.conv1d.weight]
Loading weights:  12%|█▏        | 86/723 [00:00<00:04, 127.55it/s, Materializing param=model.language_model.layers.6.linear_attn.dt_bias]      
Loading weights:  12%|█▏        | 86/723 [00:00<00:04, 127.55it/s, Materializing param=model.language_model.layers.6.linear_attn.dt_bias]
Loading weights:  12%|█▏        | 87/723 [00:00<00:04, 127.55it/s, Materializing param=model.language_model.layers.6.linear_attn.in_proj_a.weight]
Loading weights:  12%|█▏        | 87/723 [00:00<00:04, 127.55it/s, Materializing param=model.language_model.layers.6.linear_attn.in_proj_a.weight]
Loading weights:  12%|█▏        | 88/723 [00:00<00:04, 127.55it/s, Materializing param=model.language_model.layers.6.linear_attn.in_proj_b.weight]
Loading weights:  12%|█▏        | 88/723 [00:00<00:04, 127.55it/s, Materializing param=model.language_model.layers.6.linear_attn.in_proj_b.weight]
Loading weights:  12%|█▏        | 89/723 [00:00<00:04, 127.55it/s, Materializing param=model.language_model.layers.6.linear_attn.in_proj_qkv.weight]
Loading weights:  12%|█▏        | 89/723 [00:00<00:04, 127.55it/s, Materializing param=model.language_model.layers.6.linear_attn.in_proj_qkv.weight]
Loading weights:  12%|█▏        | 90/723 [00:00<00:04, 127.55it/s, Materializing param=model.language_model.layers.6.linear_attn.in_proj_z.weight]  
Loading weights:  12%|█▏        | 90/723 [00:00<00:04, 127.55it/s, Materializing param=model.language_model.layers.6.linear_attn.in_proj_z.weight]
Loading weights:  13%|█▎        | 91/723 [00:00<00:04, 127.55it/s, Materializing param=model.language_model.layers.6.linear_attn.norm.weight]     
Loading weights:  13%|█▎        | 91/723 [00:00<00:04, 127.55it/s, Materializing param=model.language_model.layers.6.linear_attn.norm.weight]
Loading weights:  13%|█▎        | 92/723 [00:00<00:04, 127.55it/s, Materializing param=model.language_model.layers.6.linear_attn.out_proj.weight]
Loading weights:  13%|█▎        | 92/723 [00:00<00:04, 127.55it/s, Materializing param=model.language_model.layers.6.linear_attn.out_proj.weight]
Loading weights:  13%|█▎        | 93/723 [00:00<00:04, 127.55it/s, Materializing param=model.language_model.layers.6.mlp.down_proj.weight]       
Loading weights:  13%|█▎        | 93/723 [00:00<00:04, 127.55it/s, Materializing param=model.language_model.layers.6.mlp.down_proj.weight]
Loading weights:  13%|█▎        | 94/723 [00:00<00:04, 127.55it/s, Materializing param=model.language_model.layers.6.mlp.gate_proj.weight]
Loading weights:  13%|█▎        | 94/723 [00:00<00:04, 127.55it/s, Materializing param=model.language_model.layers.6.mlp.gate_proj.weight]
Loading weights:  13%|█▎        | 95/723 [00:00<00:04, 127.55it/s, Materializing param=model.language_model.layers.6.mlp.up_proj.weight]  
Loading weights:  13%|█▎        | 95/723 [00:00<00:04, 127.55it/s, Materializing param=model.language_model.layers.6.mlp.up_proj.weight]
Loading weights:  13%|█▎        | 96/723 [00:00<00:04, 127.55it/s, Materializing param=model.language_model.layers.6.post_attention_layernorm.weight]
Loading weights:  13%|█▎        | 96/723 [00:00<00:04, 127.55it/s, Materializing param=model.language_model.layers.6.post_attention_layernorm.weight]
Loading weights:  13%|█▎        | 97/723 [00:00<00:04, 127.55it/s, Materializing param=model.language_model.layers.7.input_layernorm.weight]         
Loading weights:  13%|█▎        | 97/723 [00:00<00:04, 127.55it/s, Materializing param=model.language_model.layers.7.input_layernorm.weight]
Loading weights:  14%|█▎        | 98/723 [00:00<00:04, 127.55it/s, Materializing param=model.language_model.layers.7.mlp.down_proj.weight]  
Loading weights:  14%|█▎        | 98/723 [00:00<00:04, 127.55it/s, Materializing param=model.language_model.layers.7.mlp.down_proj.weight]
Loading weights:  14%|█▎        | 99/723 [00:00<00:04, 127.55it/s, Materializing param=model.language_model.layers.7.mlp.gate_proj.weight]
Loading weights:  14%|█▎        | 99/723 [00:00<00:04, 127.55it/s, Materializing param=model.language_model.layers.7.mlp.gate_proj.weight]
Loading weights:  14%|█▍        | 100/723 [00:00<00:04, 127.55it/s, Materializing param=model.language_model.layers.7.mlp.up_proj.weight] 
Loading weights:  14%|█▍        | 100/723 [00:00<00:04, 127.55it/s, Materializing param=model.language_model.layers.7.mlp.up_proj.weight]
Loading weights:  14%|█▍        | 101/723 [00:00<00:04, 127.55it/s, Materializing param=model.language_model.layers.7.post_attention_layernorm.weight]
Loading weights:  14%|█▍        | 101/723 [00:00<00:04, 127.55it/s, Materializing param=model.language_model.layers.7.post_attention_layernorm.weight]
Loading weights:  14%|█▍        | 102/723 [00:00<00:04, 127.55it/s, Materializing param=model.language_model.layers.7.self_attn.k_norm.weight]        
Loading weights:  14%|█▍        | 102/723 [00:00<00:04, 127.55it/s, Materializing param=model.language_model.layers.7.self_attn.k_norm.weight]
Loading weights:  14%|█▍        | 103/723 [00:00<00:04, 127.55it/s, Materializing param=model.language_model.layers.7.self_attn.k_proj.weight]
Loading weights:  14%|█▍        | 103/723 [00:00<00:04, 127.55it/s, Materializing param=model.language_model.layers.7.self_attn.k_proj.weight]
Loading weights:  14%|█▍        | 104/723 [00:00<00:04, 127.55it/s, Materializing param=model.language_model.layers.7.self_attn.o_proj.weight]
Loading weights:  14%|█▍        | 104/723 [00:00<00:04, 127.55it/s, Materializing param=model.language_model.layers.7.self_attn.o_proj.weight]
Loading weights:  15%|█▍        | 105/723 [00:00<00:04, 127.55it/s, Materializing param=model.language_model.layers.7.self_attn.q_norm.weight]
Loading weights:  15%|█▍        | 105/723 [00:00<00:04, 127.55it/s, Materializing param=model.language_model.layers.7.self_attn.q_norm.weight]
Loading weights:  15%|█▍        | 106/723 [00:00<00:04, 127.55it/s, Materializing param=model.language_model.layers.7.self_attn.q_proj.weight]
Loading weights:  15%|█▍        | 106/723 [00:00<00:04, 127.55it/s, Materializing param=model.language_model.layers.7.self_attn.q_proj.weight]
Loading weights:  15%|█▍        | 107/723 [00:00<00:04, 127.55it/s, Materializing param=model.language_model.layers.7.self_attn.v_proj.weight]
Loading weights:  15%|█▍        | 107/723 [00:00<00:04, 127.55it/s, Materializing param=model.language_model.layers.7.self_attn.v_proj.weight]
Loading weights:  15%|█▍        | 108/723 [00:00<00:04, 127.55it/s, Materializing param=model.language_model.layers.8.input_layernorm.weight] 
Loading weights:  15%|█▍        | 108/723 [00:00<00:04, 127.55it/s, Materializing param=model.language_model.layers.8.input_layernorm.weight]
Loading weights:  15%|█▌        | 109/723 [00:00<00:04, 127.55it/s, Materializing param=model.language_model.layers.8.linear_attn.A_log]     
Loading weights:  15%|█▌        | 109/723 [00:00<00:04, 127.55it/s, Materializing param=model.language_model.layers.8.linear_attn.A_log]
Loading weights:  15%|█▌        | 110/723 [00:00<00:04, 127.55it/s, Materializing param=model.language_model.layers.8.linear_attn.conv1d.weight]
Loading weights:  15%|█▌        | 110/723 [00:00<00:04, 127.55it/s, Materializing param=model.language_model.layers.8.linear_attn.conv1d.weight]
Loading weights:  15%|█▌        | 111/723 [00:00<00:04, 127.55it/s, Materializing param=model.language_model.layers.8.linear_attn.dt_bias]      
Loading weights:  15%|█▌        | 111/723 [00:00<00:04, 127.55it/s, Materializing param=model.language_model.layers.8.linear_attn.dt_bias]
Loading weights:  15%|█▌        | 112/723 [00:00<00:04, 127.55it/s, Materializing param=model.language_model.layers.8.linear_attn.in_proj_a.weight]
Loading weights:  15%|█▌        | 112/723 [00:00<00:04, 127.55it/s, Materializing param=model.language_model.layers.8.linear_attn.in_proj_a.weight]
Loading weights:  16%|█▌        | 113/723 [00:00<00:04, 127.55it/s, Materializing param=model.language_model.layers.8.linear_attn.in_proj_b.weight]
Loading weights:  16%|█▌        | 113/723 [00:00<00:04, 127.55it/s, Materializing param=model.language_model.layers.8.linear_attn.in_proj_b.weight]
Loading weights:  16%|█▌        | 114/723 [00:00<00:04, 127.55it/s, Materializing param=model.language_model.layers.8.linear_attn.in_proj_qkv.weight]
Loading weights:  16%|█▌        | 114/723 [00:00<00:04, 127.55it/s, Materializing param=model.language_model.layers.8.linear_attn.in_proj_qkv.weight]
Loading weights:  16%|█▌        | 115/723 [00:00<00:04, 127.55it/s, Materializing param=model.language_model.layers.8.linear_attn.in_proj_z.weight]  
Loading weights:  16%|█▌        | 115/723 [00:00<00:04, 127.55it/s, Materializing param=model.language_model.layers.8.linear_attn.in_proj_z.weight]
Loading weights:  16%|█▌        | 116/723 [00:00<00:04, 127.55it/s, Materializing param=model.language_model.layers.8.linear_attn.norm.weight]     
Loading weights:  16%|█▌        | 116/723 [00:00<00:04, 127.55it/s, Materializing param=model.language_model.layers.8.linear_attn.norm.weight]
Loading weights:  16%|█▌        | 117/723 [00:00<00:04, 127.55it/s, Materializing param=model.language_model.layers.8.linear_attn.out_proj.weight]
Loading weights:  16%|█▌        | 117/723 [00:00<00:04, 127.55it/s, Materializing param=model.language_model.layers.8.linear_attn.out_proj.weight]
Loading weights:  16%|█▋        | 118/723 [00:00<00:04, 127.55it/s, Materializing param=model.language_model.layers.8.mlp.down_proj.weight]       
Loading weights:  16%|█▋        | 118/723 [00:00<00:04, 127.55it/s, Materializing param=model.language_model.layers.8.mlp.down_proj.weight]
Loading weights:  16%|█▋        | 119/723 [00:00<00:04, 127.55it/s, Materializing param=model.language_model.layers.8.mlp.gate_proj.weight]
Loading weights:  16%|█▋        | 119/723 [00:00<00:04, 127.55it/s, Materializing param=model.language_model.layers.8.mlp.gate_proj.weight]
Loading weights:  17%|█▋        | 120/723 [00:00<00:04, 127.55it/s, Materializing param=model.language_model.layers.8.mlp.up_proj.weight]  
Loading weights:  17%|█▋        | 120/723 [00:00<00:04, 127.55it/s, Materializing param=model.language_model.layers.8.mlp.up_proj.weight]
Loading weights:  17%|█▋        | 121/723 [00:00<00:04, 127.55it/s, Materializing param=model.language_model.layers.8.post_attention_layernorm.weight]
Loading weights:  17%|█▋        | 121/723 [00:00<00:04, 127.55it/s, Materializing param=model.language_model.layers.8.post_attention_layernorm.weight]
Loading weights:  17%|█▋        | 122/723 [00:00<00:04, 127.55it/s, Materializing param=model.language_model.layers.9.input_layernorm.weight]         
Loading weights:  17%|█▋        | 122/723 [00:00<00:04, 127.55it/s, Materializing param=model.language_model.layers.9.input_layernorm.weight]
Loading weights:  17%|█▋        | 123/723 [00:00<00:04, 127.55it/s, Materializing param=model.language_model.layers.9.linear_attn.A_log]     
Loading weights:  17%|█▋        | 123/723 [00:00<00:04, 127.55it/s, Materializing param=model.language_model.layers.9.linear_attn.A_log]
Loading weights:  17%|█▋        | 124/723 [00:00<00:04, 127.55it/s, Materializing param=model.language_model.layers.9.linear_attn.conv1d.weight]
Loading weights:  17%|█▋        | 124/723 [00:00<00:04, 127.55it/s, Materializing param=model.language_model.layers.9.linear_attn.conv1d.weight]
Loading weights:  17%|█▋        | 125/723 [00:00<00:04, 127.55it/s, Materializing param=model.language_model.layers.9.linear_attn.dt_bias]      
Loading weights:  17%|█▋        | 125/723 [00:00<00:04, 127.55it/s, Materializing param=model.language_model.layers.9.linear_attn.dt_bias]
Loading weights:  17%|█▋        | 126/723 [00:00<00:04, 127.55it/s, Materializing param=model.language_model.layers.9.linear_attn.in_proj_a.weight]
Loading weights:  17%|█▋        | 126/723 [00:00<00:04, 127.55it/s, Materializing param=model.language_model.layers.9.linear_attn.in_proj_a.weight]
Loading weights:  18%|█▊        | 127/723 [00:00<00:04, 127.55it/s, Materializing param=model.language_model.layers.9.linear_attn.in_proj_b.weight]
Loading weights:  18%|█▊        | 127/723 [00:00<00:04, 127.55it/s, Materializing param=model.language_model.layers.9.linear_attn.in_proj_b.weight]
Loading weights:  18%|█▊        | 128/723 [00:00<00:04, 127.55it/s, Materializing param=model.language_model.layers.9.linear_attn.in_proj_qkv.weight]
Loading weights:  18%|█▊        | 128/723 [00:00<00:04, 127.55it/s, Materializing param=model.language_model.layers.9.linear_attn.in_proj_qkv.weight]
Loading weights:  18%|█▊        | 129/723 [00:00<00:04, 127.55it/s, Materializing param=model.language_model.layers.9.linear_attn.in_proj_z.weight]  
Loading weights:  18%|█▊        | 129/723 [00:00<00:04, 127.55it/s, Materializing param=model.language_model.layers.9.linear_attn.in_proj_z.weight]
Loading weights:  18%|█▊        | 130/723 [00:00<00:04, 127.55it/s, Materializing param=model.language_model.layers.9.linear_attn.norm.weight]     
Loading weights:  18%|█▊        | 130/723 [00:00<00:04, 127.55it/s, Materializing param=model.language_model.layers.9.linear_attn.norm.weight]
Loading weights:  18%|█▊        | 131/723 [00:00<00:04, 127.55it/s, Materializing param=model.language_model.layers.9.linear_attn.out_proj.weight]
Loading weights:  18%|█▊        | 131/723 [00:00<00:04, 127.55it/s, Materializing param=model.language_model.layers.9.linear_attn.out_proj.weight]
Loading weights:  18%|█▊        | 132/723 [00:00<00:04, 127.55it/s, Materializing param=model.language_model.layers.9.mlp.down_proj.weight]       
Loading weights:  18%|█▊        | 132/723 [00:00<00:04, 127.55it/s, Materializing param=model.language_model.layers.9.mlp.down_proj.weight]
Loading weights:  18%|█▊        | 133/723 [00:00<00:04, 127.55it/s, Materializing param=model.language_model.layers.9.mlp.gate_proj.weight]
Loading weights:  18%|█▊        | 133/723 [00:00<00:04, 127.55it/s, Materializing param=model.language_model.layers.9.mlp.gate_proj.weight]
Loading weights:  19%|█▊        | 134/723 [00:00<00:04, 127.55it/s, Materializing param=model.language_model.layers.9.mlp.up_proj.weight]  
Loading weights:  19%|█▊        | 134/723 [00:00<00:04, 127.55it/s, Materializing param=model.language_model.layers.9.mlp.up_proj.weight]
Loading weights:  19%|█▊        | 135/723 [00:00<00:04, 127.55it/s, Materializing param=model.language_model.layers.9.post_attention_layernorm.weight]
Loading weights:  19%|█▊        | 135/723 [00:00<00:04, 127.55it/s, Materializing param=model.language_model.layers.9.post_attention_layernorm.weight]
Loading weights:  19%|█▉        | 136/723 [00:00<00:04, 127.55it/s, Materializing param=model.language_model.layers.10.input_layernorm.weight]        
Loading weights:  19%|█▉        | 136/723 [00:00<00:04, 127.55it/s, Materializing param=model.language_model.layers.10.input_layernorm.weight]
Loading weights:  19%|█▉        | 137/723 [00:00<00:04, 127.55it/s, Materializing param=model.language_model.layers.10.linear_attn.A_log]     
Loading weights:  19%|█▉        | 137/723 [00:00<00:04, 127.55it/s, Materializing param=model.language_model.layers.10.linear_attn.A_log]
Loading weights:  19%|█▉        | 138/723 [00:00<00:04, 127.55it/s, Materializing param=model.language_model.layers.10.linear_attn.conv1d.weight]
Loading weights:  19%|█▉        | 138/723 [00:00<00:04, 127.55it/s, Materializing param=model.language_model.layers.10.linear_attn.conv1d.weight]
Loading weights:  19%|█▉        | 139/723 [00:00<00:04, 127.55it/s, Materializing param=model.language_model.layers.10.linear_attn.dt_bias]      
Loading weights:  19%|█▉        | 139/723 [00:00<00:04, 127.55it/s, Materializing param=model.language_model.layers.10.linear_attn.dt_bias]
Loading weights:  19%|█▉        | 140/723 [00:00<00:04, 127.55it/s, Materializing param=model.language_model.layers.10.linear_attn.in_proj_a.weight]
Loading weights:  19%|█▉        | 140/723 [00:00<00:04, 127.55it/s, Materializing param=model.language_model.layers.10.linear_attn.in_proj_a.weight]
Loading weights:  20%|█▉        | 141/723 [00:00<00:04, 127.55it/s, Materializing param=model.language_model.layers.10.linear_attn.in_proj_b.weight]
Loading weights:  20%|█▉        | 141/723 [00:00<00:04, 127.55it/s, Materializing param=model.language_model.layers.10.linear_attn.in_proj_b.weight]
Loading weights:  20%|█▉        | 142/723 [00:00<00:04, 127.55it/s, Materializing param=model.language_model.layers.10.linear_attn.in_proj_qkv.weight]
Loading weights:  20%|█▉        | 142/723 [00:00<00:04, 127.55it/s, Materializing param=model.language_model.layers.10.linear_attn.in_proj_qkv.weight]
Loading weights:  20%|█▉        | 143/723 [00:00<00:04, 127.55it/s, Materializing param=model.language_model.layers.10.linear_attn.in_proj_z.weight]  
Loading weights:  20%|█▉        | 143/723 [00:00<00:04, 127.55it/s, Materializing param=model.language_model.layers.10.linear_attn.in_proj_z.weight]
Loading weights:  20%|█▉        | 144/723 [00:00<00:04, 127.55it/s, Materializing param=model.language_model.layers.10.linear_attn.norm.weight]     
Loading weights:  20%|█▉        | 144/723 [00:00<00:04, 127.55it/s, Materializing param=model.language_model.layers.10.linear_attn.norm.weight]
Loading weights:  20%|██        | 145/723 [00:00<00:04, 127.55it/s, Materializing param=model.language_model.layers.10.linear_attn.out_proj.weight]
Loading weights:  20%|██        | 145/723 [00:00<00:04, 127.55it/s, Materializing param=model.language_model.layers.10.linear_attn.out_proj.weight]
Loading weights:  20%|██        | 146/723 [00:00<00:04, 127.55it/s, Materializing param=model.language_model.layers.10.mlp.down_proj.weight]       
Loading weights:  20%|██        | 146/723 [00:00<00:04, 127.55it/s, Materializing param=model.language_model.layers.10.mlp.down_proj.weight]
Loading weights:  20%|██        | 147/723 [00:00<00:04, 127.55it/s, Materializing param=model.language_model.layers.10.mlp.gate_proj.weight]
Loading weights:  20%|██        | 147/723 [00:00<00:04, 127.55it/s, Materializing param=model.language_model.layers.10.mlp.gate_proj.weight]
Loading weights:  20%|██        | 148/723 [00:00<00:04, 127.55it/s, Materializing param=model.language_model.layers.10.mlp.up_proj.weight]  
Loading weights:  20%|██        | 148/723 [00:00<00:04, 127.55it/s, Materializing param=model.language_model.layers.10.mlp.up_proj.weight]
Loading weights:  21%|██        | 149/723 [00:00<00:04, 127.55it/s, Materializing param=model.language_model.layers.10.post_attention_layernorm.weight]
Loading weights:  21%|██        | 149/723 [00:00<00:04, 127.55it/s, Materializing param=model.language_model.layers.10.post_attention_layernorm.weight]
Loading weights:  21%|██        | 150/723 [00:00<00:04, 127.55it/s, Materializing param=model.language_model.layers.11.input_layernorm.weight]         
Loading weights:  21%|██        | 150/723 [00:00<00:04, 127.55it/s, Materializing param=model.language_model.layers.11.input_layernorm.weight]
Loading weights:  21%|██        | 151/723 [00:00<00:04, 127.55it/s, Materializing param=model.language_model.layers.11.mlp.down_proj.weight]  
Loading weights:  21%|██        | 151/723 [00:00<00:04, 127.55it/s, Materializing param=model.language_model.layers.11.mlp.down_proj.weight]
Loading weights:  21%|██        | 152/723 [00:00<00:04, 127.55it/s, Materializing param=model.language_model.layers.11.mlp.gate_proj.weight]
Loading weights:  21%|██        | 152/723 [00:00<00:04, 127.55it/s, Materializing param=model.language_model.layers.11.mlp.gate_proj.weight]
Loading weights:  21%|██        | 153/723 [00:00<00:04, 127.55it/s, Materializing param=model.language_model.layers.11.mlp.up_proj.weight]  
Loading weights:  21%|██        | 153/723 [00:00<00:04, 127.55it/s, Materializing param=model.language_model.layers.11.mlp.up_proj.weight]
Loading weights:  21%|██▏       | 154/723 [00:00<00:04, 127.55it/s, Materializing param=model.language_model.layers.11.post_attention_layernorm.weight]
Loading weights:  21%|██▏       | 154/723 [00:00<00:04, 127.55it/s, Materializing param=model.language_model.layers.11.post_attention_layernorm.weight]
Loading weights:  21%|██▏       | 155/723 [00:00<00:04, 127.55it/s, Materializing param=model.language_model.layers.11.self_attn.k_norm.weight]        
Loading weights:  21%|██▏       | 155/723 [00:00<00:04, 127.55it/s, Materializing param=model.language_model.layers.11.self_attn.k_norm.weight]
Loading weights:  22%|██▏       | 156/723 [00:00<00:04, 127.55it/s, Materializing param=model.language_model.layers.11.self_attn.k_proj.weight]
Loading weights:  22%|██▏       | 156/723 [00:00<00:04, 127.55it/s, Materializing param=model.language_model.layers.11.self_attn.k_proj.weight]
Loading weights:  22%|██▏       | 157/723 [00:00<00:04, 127.55it/s, Materializing param=model.language_model.layers.11.self_attn.o_proj.weight]
Loading weights:  22%|██▏       | 157/723 [00:00<00:04, 127.55it/s, Materializing param=model.language_model.layers.11.self_attn.o_proj.weight]
Loading weights:  22%|██▏       | 158/723 [00:00<00:04, 127.55it/s, Materializing param=model.language_model.layers.11.self_attn.q_norm.weight]
Loading weights:  22%|██▏       | 158/723 [00:00<00:04, 127.55it/s, Materializing param=model.language_model.layers.11.self_attn.q_norm.weight]
Loading weights:  22%|██▏       | 159/723 [00:00<00:04, 127.55it/s, Materializing param=model.language_model.layers.11.self_attn.q_proj.weight]
Loading weights:  22%|██▏       | 159/723 [00:00<00:04, 127.55it/s, Materializing param=model.language_model.layers.11.self_attn.q_proj.weight]
Loading weights:  22%|██▏       | 160/723 [00:00<00:04, 127.55it/s, Materializing param=model.language_model.layers.11.self_attn.v_proj.weight]
Loading weights:  22%|██▏       | 160/723 [00:00<00:04, 127.55it/s, Materializing param=model.language_model.layers.11.self_attn.v_proj.weight]
Loading weights:  22%|██▏       | 161/723 [00:00<00:04, 127.55it/s, Materializing param=model.language_model.layers.12.input_layernorm.weight] 
Loading weights:  22%|██▏       | 161/723 [00:00<00:04, 127.55it/s, Materializing param=model.language_model.layers.12.input_layernorm.weight]
Loading weights:  22%|██▏       | 162/723 [00:00<00:04, 127.55it/s, Materializing param=model.language_model.layers.12.linear_attn.A_log]     
Loading weights:  22%|██▏       | 162/723 [00:00<00:04, 127.55it/s, Materializing param=model.language_model.layers.12.linear_attn.A_log]
Loading weights:  23%|██▎       | 163/723 [00:00<00:04, 127.55it/s, Materializing param=model.language_model.layers.12.linear_attn.conv1d.weight]
Loading weights:  23%|██▎       | 163/723 [00:00<00:04, 127.55it/s, Materializing param=model.language_model.layers.12.linear_attn.conv1d.weight]
Loading weights:  23%|██▎       | 164/723 [00:00<00:04, 127.55it/s, Materializing param=model.language_model.layers.12.linear_attn.dt_bias]      
Loading weights:  23%|██▎       | 164/723 [00:00<00:04, 127.55it/s, Materializing param=model.language_model.layers.12.linear_attn.dt_bias]
Loading weights:  23%|██▎       | 165/723 [00:00<00:04, 127.55it/s, Materializing param=model.language_model.layers.12.linear_attn.in_proj_a.weight]
Loading weights:  23%|██▎       | 165/723 [00:00<00:04, 127.55it/s, Materializing param=model.language_model.layers.12.linear_attn.in_proj_a.weight]
Loading weights:  23%|██▎       | 166/723 [00:00<00:04, 127.55it/s, Materializing param=model.language_model.layers.12.linear_attn.in_proj_b.weight]
Loading weights:  23%|██▎       | 166/723 [00:00<00:04, 127.55it/s, Materializing param=model.language_model.layers.12.linear_attn.in_proj_b.weight]
Loading weights:  23%|██▎       | 167/723 [00:00<00:04, 127.55it/s, Materializing param=model.language_model.layers.12.linear_attn.in_proj_qkv.weight]
Loading weights:  23%|██▎       | 167/723 [00:00<00:04, 127.55it/s, Materializing param=model.language_model.layers.12.linear_attn.in_proj_qkv.weight]
Loading weights:  23%|██▎       | 168/723 [00:00<00:04, 127.55it/s, Materializing param=model.language_model.layers.12.linear_attn.in_proj_z.weight]  
Loading weights:  23%|██▎       | 168/723 [00:00<00:04, 127.55it/s, Materializing param=model.language_model.layers.12.linear_attn.in_proj_z.weight]
Loading weights:  23%|██▎       | 169/723 [00:00<00:04, 127.55it/s, Materializing param=model.language_model.layers.12.linear_attn.norm.weight]     
Loading weights:  23%|██▎       | 169/723 [00:00<00:04, 127.55it/s, Materializing param=model.language_model.layers.12.linear_attn.norm.weight]
Loading weights:  24%|██▎       | 170/723 [00:00<00:04, 127.55it/s, Materializing param=model.language_model.layers.12.linear_attn.out_proj.weight]
Loading weights:  24%|██▎       | 170/723 [00:00<00:04, 127.55it/s, Materializing param=model.language_model.layers.12.linear_attn.out_proj.weight]
Loading weights:  24%|██▎       | 171/723 [00:00<00:04, 127.55it/s, Materializing param=model.language_model.layers.12.mlp.down_proj.weight]       
Loading weights:  24%|██▎       | 171/723 [00:00<00:04, 127.55it/s, Materializing param=model.language_model.layers.12.mlp.down_proj.weight]
Loading weights:  24%|██▍       | 172/723 [00:00<00:04, 127.55it/s, Materializing param=model.language_model.layers.12.mlp.gate_proj.weight]
Loading weights:  24%|██▍       | 172/723 [00:00<00:04, 127.55it/s, Materializing param=model.language_model.layers.12.mlp.gate_proj.weight]
Loading weights:  24%|██▍       | 173/723 [00:00<00:04, 127.55it/s, Materializing param=model.language_model.layers.12.mlp.up_proj.weight]  
Loading weights:  24%|██▍       | 173/723 [00:00<00:04, 127.55it/s, Materializing param=model.language_model.layers.12.mlp.up_proj.weight]
Loading weights:  24%|██▍       | 174/723 [00:00<00:04, 127.55it/s, Materializing param=model.language_model.layers.12.post_attention_layernorm.weight]
Loading weights:  24%|██▍       | 174/723 [00:00<00:04, 127.55it/s, Materializing param=model.language_model.layers.12.post_attention_layernorm.weight]
Loading weights:  24%|██▍       | 175/723 [00:00<00:04, 127.55it/s, Materializing param=model.language_model.layers.13.input_layernorm.weight]         
Loading weights:  24%|██▍       | 175/723 [00:00<00:04, 127.55it/s, Materializing param=model.language_model.layers.13.input_layernorm.weight]
Loading weights:  24%|██▍       | 176/723 [00:00<00:04, 127.55it/s, Materializing param=model.language_model.layers.13.linear_attn.A_log]     
Loading weights:  24%|██▍       | 176/723 [00:00<00:04, 127.55it/s, Materializing param=model.language_model.layers.13.linear_attn.A_log]
Loading weights:  24%|██▍       | 177/723 [00:00<00:04, 127.55it/s, Materializing param=model.language_model.layers.13.linear_attn.conv1d.weight]
Loading weights:  24%|██▍       | 177/723 [00:00<00:04, 127.55it/s, Materializing param=model.language_model.layers.13.linear_attn.conv1d.weight]
Loading weights:  25%|██▍       | 178/723 [00:00<00:04, 127.55it/s, Materializing param=model.language_model.layers.13.linear_attn.dt_bias]      
Loading weights:  25%|██▍       | 178/723 [00:00<00:04, 127.55it/s, Materializing param=model.language_model.layers.13.linear_attn.dt_bias]
Loading weights:  25%|██▍       | 179/723 [00:00<00:04, 127.55it/s, Materializing param=model.language_model.layers.13.linear_attn.in_proj_a.weight]
Loading weights:  25%|██▍       | 179/723 [00:00<00:04, 127.55it/s, Materializing param=model.language_model.layers.13.linear_attn.in_proj_a.weight]
Loading weights:  25%|██▍       | 180/723 [00:00<00:04, 127.55it/s, Materializing param=model.language_model.layers.13.linear_attn.in_proj_b.weight]
Loading weights:  25%|██▍       | 180/723 [00:00<00:04, 127.55it/s, Materializing param=model.language_model.layers.13.linear_attn.in_proj_b.weight]
Loading weights:  25%|██▌       | 181/723 [00:00<00:04, 127.55it/s, Materializing param=model.language_model.layers.13.linear_attn.in_proj_qkv.weight]
Loading weights:  25%|██▌       | 181/723 [00:00<00:04, 127.55it/s, Materializing param=model.language_model.layers.13.linear_attn.in_proj_qkv.weight]
Loading weights:  25%|██▌       | 182/723 [00:00<00:04, 127.55it/s, Materializing param=model.language_model.layers.13.linear_attn.in_proj_z.weight]  
Loading weights:  25%|██▌       | 182/723 [00:00<00:04, 127.55it/s, Materializing param=model.language_model.layers.13.linear_attn.in_proj_z.weight]
Loading weights:  25%|██▌       | 183/723 [00:00<00:04, 127.55it/s, Materializing param=model.language_model.layers.13.linear_attn.norm.weight]     
Loading weights:  25%|██▌       | 183/723 [00:00<00:04, 127.55it/s, Materializing param=model.language_model.layers.13.linear_attn.norm.weight]
Loading weights:  25%|██▌       | 184/723 [00:00<00:04, 127.55it/s, Materializing param=model.language_model.layers.13.linear_attn.out_proj.weight]
Loading weights:  25%|██▌       | 184/723 [00:00<00:04, 127.55it/s, Materializing param=model.language_model.layers.13.linear_attn.out_proj.weight]
Loading weights:  26%|██▌       | 185/723 [00:00<00:04, 127.55it/s, Materializing param=model.language_model.layers.13.mlp.down_proj.weight]       
Loading weights:  26%|██▌       | 185/723 [00:00<00:04, 127.55it/s, Materializing param=model.language_model.layers.13.mlp.down_proj.weight]
Loading weights:  26%|██▌       | 186/723 [00:00<00:04, 127.55it/s, Materializing param=model.language_model.layers.13.mlp.gate_proj.weight]
Loading weights:  26%|██▌       | 186/723 [00:00<00:04, 127.55it/s, Materializing param=model.language_model.layers.13.mlp.gate_proj.weight]
Loading weights:  26%|██▌       | 187/723 [00:00<00:04, 127.55it/s, Materializing param=model.language_model.layers.13.mlp.up_proj.weight]  
Loading weights:  26%|██▌       | 187/723 [00:00<00:04, 127.55it/s, Materializing param=model.language_model.layers.13.mlp.up_proj.weight]
Loading weights:  26%|██▌       | 188/723 [00:00<00:04, 127.55it/s, Materializing param=model.language_model.layers.13.post_attention_layernorm.weight]
Loading weights:  26%|██▌       | 188/723 [00:00<00:04, 127.55it/s, Materializing param=model.language_model.layers.13.post_attention_layernorm.weight]
Loading weights:  26%|██▌       | 189/723 [00:00<00:04, 127.55it/s, Materializing param=model.language_model.layers.14.input_layernorm.weight]         
Loading weights:  26%|██▌       | 189/723 [00:00<00:04, 127.55it/s, Materializing param=model.language_model.layers.14.input_layernorm.weight]
Loading weights:  26%|██▋       | 190/723 [00:00<00:04, 127.55it/s, Materializing param=model.language_model.layers.14.linear_attn.A_log]     
Loading weights:  26%|██▋       | 190/723 [00:00<00:04, 127.55it/s, Materializing param=model.language_model.layers.14.linear_attn.A_log]
Loading weights:  26%|██▋       | 191/723 [00:00<00:04, 127.55it/s, Materializing param=model.language_model.layers.14.linear_attn.conv1d.weight]
Loading weights:  26%|██▋       | 191/723 [00:00<00:04, 127.55it/s, Materializing param=model.language_model.layers.14.linear_attn.conv1d.weight]
Loading weights:  27%|██▋       | 192/723 [00:00<00:04, 127.55it/s, Materializing param=model.language_model.layers.14.linear_attn.dt_bias]      
Loading weights:  27%|██▋       | 192/723 [00:00<00:04, 127.55it/s, Materializing param=model.language_model.layers.14.linear_attn.dt_bias]
Loading weights:  27%|██▋       | 193/723 [00:00<00:04, 127.55it/s, Materializing param=model.language_model.layers.14.linear_attn.in_proj_a.weight]
Loading weights:  27%|██▋       | 193/723 [00:00<00:04, 127.55it/s, Materializing param=model.language_model.layers.14.linear_attn.in_proj_a.weight]
Loading weights:  27%|██▋       | 194/723 [00:00<00:04, 127.55it/s, Materializing param=model.language_model.layers.14.linear_attn.in_proj_b.weight]
Loading weights:  27%|██▋       | 194/723 [00:00<00:04, 127.55it/s, Materializing param=model.language_model.layers.14.linear_attn.in_proj_b.weight]
Loading weights:  27%|██▋       | 195/723 [00:00<00:04, 127.55it/s, Materializing param=model.language_model.layers.14.linear_attn.in_proj_qkv.weight]
Loading weights:  27%|██▋       | 195/723 [00:00<00:04, 127.55it/s, Materializing param=model.language_model.layers.14.linear_attn.in_proj_qkv.weight]
Loading weights:  27%|██▋       | 196/723 [00:00<00:04, 127.55it/s, Materializing param=model.language_model.layers.14.linear_attn.in_proj_z.weight]  
Loading weights:  27%|██▋       | 196/723 [00:00<00:04, 127.55it/s, Materializing param=model.language_model.layers.14.linear_attn.in_proj_z.weight]
Loading weights:  27%|██▋       | 197/723 [00:00<00:04, 127.55it/s, Materializing param=model.language_model.layers.14.linear_attn.norm.weight]     
Loading weights:  27%|██▋       | 197/723 [00:00<00:04, 127.55it/s, Materializing param=model.language_model.layers.14.linear_attn.norm.weight]
Loading weights:  27%|██▋       | 198/723 [00:00<00:04, 127.55it/s, Materializing param=model.language_model.layers.14.linear_attn.out_proj.weight]
Loading weights:  27%|██▋       | 198/723 [00:00<00:04, 127.55it/s, Materializing param=model.language_model.layers.14.linear_attn.out_proj.weight]
Loading weights:  28%|██▊       | 199/723 [00:00<00:04, 127.55it/s, Materializing param=model.language_model.layers.14.mlp.down_proj.weight]       
Loading weights:  28%|██▊       | 199/723 [00:00<00:04, 127.55it/s, Materializing param=model.language_model.layers.14.mlp.down_proj.weight]
Loading weights:  28%|██▊       | 200/723 [00:00<00:04, 127.55it/s, Materializing param=model.language_model.layers.14.mlp.gate_proj.weight]
Loading weights:  28%|██▊       | 200/723 [00:00<00:04, 127.55it/s, Materializing param=model.language_model.layers.14.mlp.gate_proj.weight]
Loading weights:  28%|██▊       | 201/723 [00:00<00:04, 127.55it/s, Materializing param=model.language_model.layers.14.mlp.up_proj.weight]  
Loading weights:  28%|██▊       | 201/723 [00:00<00:04, 127.55it/s, Materializing param=model.language_model.layers.14.mlp.up_proj.weight]
Loading weights:  28%|██▊       | 202/723 [00:00<00:04, 127.55it/s, Materializing param=model.language_model.layers.14.post_attention_layernorm.weight]
Loading weights:  28%|██▊       | 202/723 [00:00<00:04, 127.55it/s, Materializing param=model.language_model.layers.14.post_attention_layernorm.weight]
Loading weights:  28%|██▊       | 203/723 [00:00<00:04, 127.55it/s, Materializing param=model.language_model.layers.15.input_layernorm.weight]         
Loading weights:  28%|██▊       | 203/723 [00:00<00:04, 127.55it/s, Materializing param=model.language_model.layers.15.input_layernorm.weight]
Loading weights:  28%|██▊       | 204/723 [00:00<00:04, 127.55it/s, Materializing param=model.language_model.layers.15.mlp.down_proj.weight]  
Loading weights:  28%|██▊       | 204/723 [00:00<00:04, 127.55it/s, Materializing param=model.language_model.layers.15.mlp.down_proj.weight]
Loading weights:  28%|██▊       | 205/723 [00:00<00:04, 127.55it/s, Materializing param=model.language_model.layers.15.mlp.gate_proj.weight]
Loading weights:  28%|██▊       | 205/723 [00:00<00:04, 127.55it/s, Materializing param=model.language_model.layers.15.mlp.gate_proj.weight]
Loading weights:  28%|██▊       | 206/723 [00:00<00:04, 127.55it/s, Materializing param=model.language_model.layers.15.mlp.up_proj.weight]  
Loading weights:  28%|██▊       | 206/723 [00:00<00:04, 127.55it/s, Materializing param=model.language_model.layers.15.mlp.up_proj.weight]
Loading weights:  29%|██▊       | 207/723 [00:00<00:04, 127.55it/s, Materializing param=model.language_model.layers.15.post_attention_layernorm.weight]
Loading weights:  29%|██▊       | 207/723 [00:00<00:04, 127.55it/s, Materializing param=model.language_model.layers.15.post_attention_layernorm.weight]
Loading weights:  29%|██▉       | 208/723 [00:00<00:04, 127.55it/s, Materializing param=model.language_model.layers.15.self_attn.k_norm.weight]        
Loading weights:  29%|██▉       | 208/723 [00:00<00:04, 127.55it/s, Materializing param=model.language_model.layers.15.self_attn.k_norm.weight]
Loading weights:  29%|██▉       | 209/723 [00:00<00:04, 127.55it/s, Materializing param=model.language_model.layers.15.self_attn.k_proj.weight]
Loading weights:  29%|██▉       | 209/723 [00:00<00:04, 127.55it/s, Materializing param=model.language_model.layers.15.self_attn.k_proj.weight]
Loading weights:  29%|██▉       | 210/723 [00:00<00:04, 127.55it/s, Materializing param=model.language_model.layers.15.self_attn.o_proj.weight]
Loading weights:  29%|██▉       | 210/723 [00:00<00:04, 127.55it/s, Materializing param=model.language_model.layers.15.self_attn.o_proj.weight]
Loading weights:  29%|██▉       | 211/723 [00:00<00:04, 127.55it/s, Materializing param=model.language_model.layers.15.self_attn.q_norm.weight]
Loading weights:  29%|██▉       | 211/723 [00:00<00:04, 127.55it/s, Materializing param=model.language_model.layers.15.self_attn.q_norm.weight]
Loading weights:  29%|██▉       | 212/723 [00:00<00:04, 127.55it/s, Materializing param=model.language_model.layers.15.self_attn.q_proj.weight]
Loading weights:  29%|██▉       | 212/723 [00:00<00:04, 127.55it/s, Materializing param=model.language_model.layers.15.self_attn.q_proj.weight]
Loading weights:  29%|██▉       | 213/723 [00:00<00:03, 127.55it/s, Materializing param=model.language_model.layers.15.self_attn.v_proj.weight]
Loading weights:  29%|██▉       | 213/723 [00:00<00:03, 127.55it/s, Materializing param=model.language_model.layers.15.self_attn.v_proj.weight]
Loading weights:  30%|██▉       | 214/723 [00:00<00:03, 127.55it/s, Materializing param=model.language_model.layers.16.input_layernorm.weight] 
Loading weights:  30%|██▉       | 214/723 [00:00<00:03, 127.55it/s, Materializing param=model.language_model.layers.16.input_layernorm.weight]
Loading weights:  30%|██▉       | 215/723 [00:00<00:03, 127.55it/s, Materializing param=model.language_model.layers.16.linear_attn.A_log]     
Loading weights:  30%|██▉       | 215/723 [00:00<00:03, 127.55it/s, Materializing param=model.language_model.layers.16.linear_attn.A_log]
Loading weights:  30%|██▉       | 216/723 [00:00<00:03, 127.55it/s, Materializing param=model.language_model.layers.16.linear_attn.conv1d.weight]
Loading weights:  30%|██▉       | 216/723 [00:00<00:03, 127.55it/s, Materializing param=model.language_model.layers.16.linear_attn.conv1d.weight]
Loading weights:  30%|███       | 217/723 [00:00<00:03, 127.55it/s, Materializing param=model.language_model.layers.16.linear_attn.dt_bias]      
Loading weights:  30%|███       | 217/723 [00:00<00:03, 127.55it/s, Materializing param=model.language_model.layers.16.linear_attn.dt_bias]
Loading weights:  30%|███       | 218/723 [00:00<00:03, 127.55it/s, Materializing param=model.language_model.layers.16.linear_attn.in_proj_a.weight]
Loading weights:  30%|███       | 218/723 [00:00<00:03, 127.55it/s, Materializing param=model.language_model.layers.16.linear_attn.in_proj_a.weight]
Loading weights:  30%|███       | 219/723 [00:00<00:03, 127.55it/s, Materializing param=model.language_model.layers.16.linear_attn.in_proj_b.weight]
Loading weights:  30%|███       | 219/723 [00:00<00:03, 127.55it/s, Materializing param=model.language_model.layers.16.linear_attn.in_proj_b.weight]
Loading weights:  30%|███       | 220/723 [00:00<00:03, 127.55it/s, Materializing param=model.language_model.layers.16.linear_attn.in_proj_qkv.weight]
Loading weights:  30%|███       | 220/723 [00:00<00:03, 127.55it/s, Materializing param=model.language_model.layers.16.linear_attn.in_proj_qkv.weight]
Loading weights:  31%|███       | 221/723 [00:00<00:03, 127.55it/s, Materializing param=model.language_model.layers.16.linear_attn.in_proj_z.weight]  
Loading weights:  31%|███       | 221/723 [00:00<00:03, 127.55it/s, Materializing param=model.language_model.layers.16.linear_attn.in_proj_z.weight]
Loading weights:  31%|███       | 222/723 [00:00<00:03, 127.55it/s, Materializing param=model.language_model.layers.16.linear_attn.norm.weight]     
Loading weights:  31%|███       | 222/723 [00:00<00:03, 127.55it/s, Materializing param=model.language_model.layers.16.linear_attn.norm.weight]
Loading weights:  31%|███       | 223/723 [00:00<00:03, 127.55it/s, Materializing param=model.language_model.layers.16.linear_attn.out_proj.weight]
Loading weights:  31%|███       | 223/723 [00:00<00:03, 127.55it/s, Materializing param=model.language_model.layers.16.linear_attn.out_proj.weight]
Loading weights:  31%|███       | 224/723 [00:00<00:03, 127.55it/s, Materializing param=model.language_model.layers.16.mlp.down_proj.weight]       
Loading weights:  31%|███       | 224/723 [00:00<00:03, 127.55it/s, Materializing param=model.language_model.layers.16.mlp.down_proj.weight]
Loading weights:  31%|███       | 225/723 [00:00<00:03, 127.55it/s, Materializing param=model.language_model.layers.16.mlp.gate_proj.weight]
Loading weights:  31%|███       | 225/723 [00:00<00:03, 127.55it/s, Materializing param=model.language_model.layers.16.mlp.gate_proj.weight]
Loading weights:  31%|███▏      | 226/723 [00:00<00:03, 127.55it/s, Materializing param=model.language_model.layers.16.mlp.up_proj.weight]  
Loading weights:  31%|███▏      | 226/723 [00:00<00:03, 127.55it/s, Materializing param=model.language_model.layers.16.mlp.up_proj.weight]
Loading weights:  31%|███▏      | 227/723 [00:00<00:03, 127.55it/s, Materializing param=model.language_model.layers.16.post_attention_layernorm.weight]
Loading weights:  31%|███▏      | 227/723 [00:00<00:03, 127.55it/s, Materializing param=model.language_model.layers.16.post_attention_layernorm.weight]
Loading weights:  32%|███▏      | 228/723 [00:00<00:03, 127.55it/s, Materializing param=model.language_model.layers.17.input_layernorm.weight]         
Loading weights:  32%|███▏      | 228/723 [00:00<00:03, 127.55it/s, Materializing param=model.language_model.layers.17.input_layernorm.weight]
Loading weights:  32%|███▏      | 229/723 [00:00<00:03, 127.55it/s, Materializing param=model.language_model.layers.17.linear_attn.A_log]     
Loading weights:  32%|███▏      | 229/723 [00:00<00:03, 127.55it/s, Materializing param=model.language_model.layers.17.linear_attn.A_log]
Loading weights:  32%|███▏      | 230/723 [00:00<00:03, 127.55it/s, Materializing param=model.language_model.layers.17.linear_attn.conv1d.weight]
Loading weights:  32%|███▏      | 230/723 [00:00<00:03, 127.55it/s, Materializing param=model.language_model.layers.17.linear_attn.conv1d.weight]
Loading weights:  32%|███▏      | 231/723 [00:00<00:03, 127.55it/s, Materializing param=model.language_model.layers.17.linear_attn.dt_bias]      
Loading weights:  32%|███▏      | 231/723 [00:00<00:03, 127.55it/s, Materializing param=model.language_model.layers.17.linear_attn.dt_bias]
Loading weights:  32%|███▏      | 232/723 [00:00<00:03, 127.55it/s, Materializing param=model.language_model.layers.17.linear_attn.in_proj_a.weight]
Loading weights:  32%|███▏      | 232/723 [00:00<00:03, 127.55it/s, Materializing param=model.language_model.layers.17.linear_attn.in_proj_a.weight]
Loading weights:  32%|███▏      | 233/723 [00:00<00:03, 127.55it/s, Materializing param=model.language_model.layers.17.linear_attn.in_proj_b.weight]
Loading weights:  32%|███▏      | 233/723 [00:00<00:03, 127.55it/s, Materializing param=model.language_model.layers.17.linear_attn.in_proj_b.weight]
Loading weights:  32%|███▏      | 234/723 [00:00<00:03, 127.55it/s, Materializing param=model.language_model.layers.17.linear_attn.in_proj_qkv.weight]
Loading weights:  32%|███▏      | 234/723 [00:00<00:03, 127.55it/s, Materializing param=model.language_model.layers.17.linear_attn.in_proj_qkv.weight]
Loading weights:  33%|███▎      | 235/723 [00:00<00:03, 127.55it/s, Materializing param=model.language_model.layers.17.linear_attn.in_proj_z.weight]  
Loading weights:  33%|███▎      | 235/723 [00:00<00:03, 127.55it/s, Materializing param=model.language_model.layers.17.linear_attn.in_proj_z.weight]
Loading weights:  33%|███▎      | 236/723 [00:00<00:03, 127.55it/s, Materializing param=model.language_model.layers.17.linear_attn.norm.weight]     
Loading weights:  33%|███▎      | 236/723 [00:00<00:03, 127.55it/s, Materializing param=model.language_model.layers.17.linear_attn.norm.weight]
Loading weights:  33%|███▎      | 237/723 [00:00<00:03, 127.55it/s, Materializing param=model.language_model.layers.17.linear_attn.out_proj.weight]
Loading weights:  33%|███▎      | 237/723 [00:00<00:03, 127.55it/s, Materializing param=model.language_model.layers.17.linear_attn.out_proj.weight]
Loading weights:  33%|███▎      | 238/723 [00:00<00:03, 127.55it/s, Materializing param=model.language_model.layers.17.mlp.down_proj.weight]       
Loading weights:  33%|███▎      | 238/723 [00:00<00:03, 127.55it/s, Materializing param=model.language_model.layers.17.mlp.down_proj.weight]
Loading weights:  33%|███▎      | 239/723 [00:00<00:03, 127.55it/s, Materializing param=model.language_model.layers.17.mlp.gate_proj.weight]
Loading weights:  33%|███▎      | 239/723 [00:00<00:03, 127.55it/s, Materializing param=model.language_model.layers.17.mlp.gate_proj.weight]
Loading weights:  33%|███▎      | 240/723 [00:00<00:03, 127.55it/s, Materializing param=model.language_model.layers.17.mlp.up_proj.weight]  
Loading weights:  33%|███▎      | 240/723 [00:00<00:03, 127.55it/s, Materializing param=model.language_model.layers.17.mlp.up_proj.weight]
Loading weights:  33%|███▎      | 241/723 [00:00<00:03, 127.55it/s, Materializing param=model.language_model.layers.17.post_attention_layernorm.weight]
Loading weights:  33%|███▎      | 241/723 [00:00<00:03, 127.55it/s, Materializing param=model.language_model.layers.17.post_attention_layernorm.weight]
Loading weights:  33%|███▎      | 242/723 [00:00<00:03, 127.55it/s, Materializing param=model.language_model.layers.18.input_layernorm.weight]         
Loading weights:  33%|███▎      | 242/723 [00:00<00:03, 127.55it/s, Materializing param=model.language_model.layers.18.input_layernorm.weight]
Loading weights:  34%|███▎      | 243/723 [00:00<00:03, 127.55it/s, Materializing param=model.language_model.layers.18.linear_attn.A_log]     
Loading weights:  34%|███▎      | 243/723 [00:00<00:03, 127.55it/s, Materializing param=model.language_model.layers.18.linear_attn.A_log]
Loading weights:  34%|███▎      | 244/723 [00:00<00:03, 127.55it/s, Materializing param=model.language_model.layers.18.linear_attn.conv1d.weight]
Loading weights:  34%|███▎      | 244/723 [00:00<00:03, 127.55it/s, Materializing param=model.language_model.layers.18.linear_attn.conv1d.weight]
Loading weights:  34%|███▍      | 245/723 [00:00<00:03, 127.55it/s, Materializing param=model.language_model.layers.18.linear_attn.dt_bias]      
Loading weights:  34%|███▍      | 245/723 [00:00<00:03, 127.55it/s, Materializing param=model.language_model.layers.18.linear_attn.dt_bias]
Loading weights:  34%|███▍      | 246/723 [00:00<00:03, 127.55it/s, Materializing param=model.language_model.layers.18.linear_attn.in_proj_a.weight]
Loading weights:  34%|███▍      | 246/723 [00:00<00:03, 127.55it/s, Materializing param=model.language_model.layers.18.linear_attn.in_proj_a.weight]
Loading weights:  34%|███▍      | 247/723 [00:00<00:03, 127.55it/s, Materializing param=model.language_model.layers.18.linear_attn.in_proj_b.weight]
Loading weights:  34%|███▍      | 247/723 [00:00<00:03, 127.55it/s, Materializing param=model.language_model.layers.18.linear_attn.in_proj_b.weight]
Loading weights:  34%|███▍      | 248/723 [00:00<00:03, 127.55it/s, Materializing param=model.language_model.layers.18.linear_attn.in_proj_qkv.weight]
Loading weights:  34%|███▍      | 248/723 [00:00<00:03, 127.55it/s, Materializing param=model.language_model.layers.18.linear_attn.in_proj_qkv.weight]
Loading weights:  34%|███▍      | 249/723 [00:00<00:03, 127.55it/s, Materializing param=model.language_model.layers.18.linear_attn.in_proj_z.weight]  
Loading weights:  34%|███▍      | 249/723 [00:00<00:03, 127.55it/s, Materializing param=model.language_model.layers.18.linear_attn.in_proj_z.weight]
Loading weights:  35%|███▍      | 250/723 [00:00<00:03, 127.55it/s, Materializing param=model.language_model.layers.18.linear_attn.norm.weight]     
Loading weights:  35%|███▍      | 250/723 [00:00<00:03, 127.55it/s, Materializing param=model.language_model.layers.18.linear_attn.norm.weight]
Loading weights:  35%|███▍      | 251/723 [00:00<00:03, 127.55it/s, Materializing param=model.language_model.layers.18.linear_attn.out_proj.weight]
Loading weights:  35%|███▍      | 251/723 [00:00<00:03, 127.55it/s, Materializing param=model.language_model.layers.18.linear_attn.out_proj.weight]
Loading weights:  35%|███▍      | 252/723 [00:00<00:03, 127.55it/s, Materializing param=model.language_model.layers.18.mlp.down_proj.weight]       
Loading weights:  35%|███▍      | 252/723 [00:00<00:03, 127.55it/s, Materializing param=model.language_model.layers.18.mlp.down_proj.weight]
Loading weights:  35%|███▍      | 253/723 [00:00<00:03, 127.55it/s, Materializing param=model.language_model.layers.18.mlp.gate_proj.weight]
Loading weights:  35%|███▍      | 253/723 [00:00<00:03, 127.55it/s, Materializing param=model.language_model.layers.18.mlp.gate_proj.weight]
Loading weights:  35%|███▌      | 254/723 [00:00<00:03, 127.55it/s, Materializing param=model.language_model.layers.18.mlp.up_proj.weight]  
Loading weights:  35%|███▌      | 254/723 [00:00<00:03, 127.55it/s, Materializing param=model.language_model.layers.18.mlp.up_proj.weight]
Loading weights:  35%|███▌      | 255/723 [00:00<00:03, 127.55it/s, Materializing param=model.language_model.layers.18.post_attention_layernorm.weight]
Loading weights:  35%|███▌      | 255/723 [00:00<00:03, 127.55it/s, Materializing param=model.language_model.layers.18.post_attention_layernorm.weight]
Loading weights:  35%|███▌      | 256/723 [00:00<00:03, 127.55it/s, Materializing param=model.language_model.layers.19.input_layernorm.weight]         
Loading weights:  35%|███▌      | 256/723 [00:00<00:03, 127.55it/s, Materializing param=model.language_model.layers.19.input_layernorm.weight]
Loading weights:  36%|███▌      | 257/723 [00:00<00:03, 127.55it/s, Materializing param=model.language_model.layers.19.mlp.down_proj.weight]  
Loading weights:  36%|███▌      | 257/723 [00:00<00:03, 127.55it/s, Materializing param=model.language_model.layers.19.mlp.down_proj.weight]
Loading weights:  36%|███▌      | 258/723 [00:00<00:03, 127.55it/s, Materializing param=model.language_model.layers.19.mlp.gate_proj.weight]
Loading weights:  36%|███▌      | 258/723 [00:00<00:03, 127.55it/s, Materializing param=model.language_model.layers.19.mlp.gate_proj.weight]
Loading weights:  36%|███▌      | 259/723 [00:00<00:03, 127.55it/s, Materializing param=model.language_model.layers.19.mlp.up_proj.weight]  
Loading weights:  36%|███▌      | 259/723 [00:00<00:03, 127.55it/s, Materializing param=model.language_model.layers.19.mlp.up_proj.weight]
Loading weights:  36%|███▌      | 260/723 [00:00<00:03, 127.55it/s, Materializing param=model.language_model.layers.19.post_attention_layernorm.weight]
Loading weights:  36%|███▌      | 260/723 [00:00<00:03, 127.55it/s, Materializing param=model.language_model.layers.19.post_attention_layernorm.weight]
Loading weights:  36%|███▌      | 261/723 [00:00<00:03, 127.55it/s, Materializing param=model.language_model.layers.19.self_attn.k_norm.weight]        
Loading weights:  36%|███▌      | 261/723 [00:00<00:03, 127.55it/s, Materializing param=model.language_model.layers.19.self_attn.k_norm.weight]
Loading weights:  36%|███▌      | 262/723 [00:00<00:03, 127.55it/s, Materializing param=model.language_model.layers.19.self_attn.k_proj.weight]
Loading weights:  36%|███▌      | 262/723 [00:00<00:03, 127.55it/s, Materializing param=model.language_model.layers.19.self_attn.k_proj.weight]
Loading weights:  36%|███▋      | 263/723 [00:00<00:03, 127.55it/s, Materializing param=model.language_model.layers.19.self_attn.o_proj.weight]
Loading weights:  36%|███▋      | 263/723 [00:00<00:03, 127.55it/s, Materializing param=model.language_model.layers.19.self_attn.o_proj.weight]
Loading weights:  37%|███▋      | 264/723 [00:00<00:03, 127.55it/s, Materializing param=model.language_model.layers.19.self_attn.q_norm.weight]
Loading weights:  37%|███▋      | 264/723 [00:00<00:03, 127.55it/s, Materializing param=model.language_model.layers.19.self_attn.q_norm.weight]
Loading weights:  37%|███▋      | 265/723 [00:00<00:03, 127.55it/s, Materializing param=model.language_model.layers.19.self_attn.q_proj.weight]
Loading weights:  37%|███▋      | 265/723 [00:00<00:03, 127.55it/s, Materializing param=model.language_model.layers.19.self_attn.q_proj.weight]
Loading weights:  37%|███▋      | 266/723 [00:00<00:03, 127.55it/s, Materializing param=model.language_model.layers.19.self_attn.v_proj.weight]
Loading weights:  37%|███▋      | 266/723 [00:00<00:03, 127.55it/s, Materializing param=model.language_model.layers.19.self_attn.v_proj.weight]
Loading weights:  37%|███▋      | 267/723 [00:00<00:03, 127.55it/s, Materializing param=model.language_model.layers.20.input_layernorm.weight] 
Loading weights:  37%|███▋      | 267/723 [00:00<00:03, 127.55it/s, Materializing param=model.language_model.layers.20.input_layernorm.weight]
Loading weights:  37%|███▋      | 268/723 [00:00<00:03, 127.55it/s, Materializing param=model.language_model.layers.20.linear_attn.A_log]     
Loading weights:  37%|███▋      | 268/723 [00:00<00:03, 127.55it/s, Materializing param=model.language_model.layers.20.linear_attn.A_log]
Loading weights:  37%|███▋      | 269/723 [00:00<00:03, 127.55it/s, Materializing param=model.language_model.layers.20.linear_attn.conv1d.weight]
Loading weights:  37%|███▋      | 269/723 [00:00<00:03, 127.55it/s, Materializing param=model.language_model.layers.20.linear_attn.conv1d.weight]
Loading weights:  37%|███▋      | 270/723 [00:00<00:03, 127.55it/s, Materializing param=model.language_model.layers.20.linear_attn.dt_bias]      
Loading weights:  37%|███▋      | 270/723 [00:00<00:03, 127.55it/s, Materializing param=model.language_model.layers.20.linear_attn.dt_bias]
Loading weights:  37%|███▋      | 271/723 [00:00<00:03, 127.55it/s, Materializing param=model.language_model.layers.20.linear_attn.in_proj_a.weight]
Loading weights:  37%|███▋      | 271/723 [00:00<00:03, 127.55it/s, Materializing param=model.language_model.layers.20.linear_attn.in_proj_a.weight]
Loading weights:  38%|███▊      | 272/723 [00:00<00:03, 127.55it/s, Materializing param=model.language_model.layers.20.linear_attn.in_proj_b.weight]
Loading weights:  38%|███▊      | 272/723 [00:00<00:03, 127.55it/s, Materializing param=model.language_model.layers.20.linear_attn.in_proj_b.weight]
Loading weights:  38%|███▊      | 273/723 [00:00<00:03, 127.55it/s, Materializing param=model.language_model.layers.20.linear_attn.in_proj_qkv.weight]
Loading weights:  38%|███▊      | 273/723 [00:00<00:03, 127.55it/s, Materializing param=model.language_model.layers.20.linear_attn.in_proj_qkv.weight]
Loading weights:  38%|███▊      | 274/723 [00:00<00:03, 127.55it/s, Materializing param=model.language_model.layers.20.linear_attn.in_proj_z.weight]  
Loading weights:  38%|███▊      | 274/723 [00:00<00:03, 127.55it/s, Materializing param=model.language_model.layers.20.linear_attn.in_proj_z.weight]
Loading weights:  38%|███▊      | 275/723 [00:00<00:03, 127.55it/s, Materializing param=model.language_model.layers.20.linear_attn.norm.weight]     
Loading weights:  38%|███▊      | 275/723 [00:00<00:03, 127.55it/s, Materializing param=model.language_model.layers.20.linear_attn.norm.weight]
Loading weights:  38%|███▊      | 276/723 [00:00<00:03, 127.55it/s, Materializing param=model.language_model.layers.20.linear_attn.out_proj.weight]
Loading weights:  38%|███▊      | 276/723 [00:00<00:03, 127.55it/s, Materializing param=model.language_model.layers.20.linear_attn.out_proj.weight]
Loading weights:  38%|███▊      | 277/723 [00:00<00:03, 127.55it/s, Materializing param=model.language_model.layers.20.mlp.down_proj.weight]       
Loading weights:  38%|███▊      | 277/723 [00:00<00:03, 127.55it/s, Materializing param=model.language_model.layers.20.mlp.down_proj.weight]
Loading weights:  38%|███▊      | 278/723 [00:00<00:03, 127.55it/s, Materializing param=model.language_model.layers.20.mlp.gate_proj.weight]
Loading weights:  38%|███▊      | 278/723 [00:00<00:03, 127.55it/s, Materializing param=model.language_model.layers.20.mlp.gate_proj.weight]
Loading weights:  39%|███▊      | 279/723 [00:00<00:03, 127.55it/s, Materializing param=model.language_model.layers.20.mlp.up_proj.weight]  
Loading weights:  39%|███▊      | 279/723 [00:00<00:03, 127.55it/s, Materializing param=model.language_model.layers.20.mlp.up_proj.weight]
Loading weights:  39%|███▊      | 280/723 [00:00<00:03, 127.55it/s, Materializing param=model.language_model.layers.20.post_attention_layernorm.weight]
Loading weights:  39%|███▊      | 280/723 [00:00<00:03, 127.55it/s, Materializing param=model.language_model.layers.20.post_attention_layernorm.weight]
Loading weights:  39%|███▉      | 281/723 [00:00<00:03, 127.55it/s, Materializing param=model.language_model.layers.21.input_layernorm.weight]         
Loading weights:  39%|███▉      | 281/723 [00:00<00:03, 127.55it/s, Materializing param=model.language_model.layers.21.input_layernorm.weight]
Loading weights:  39%|███▉      | 282/723 [00:00<00:03, 127.55it/s, Materializing param=model.language_model.layers.21.linear_attn.A_log]     
Loading weights:  39%|███▉      | 282/723 [00:00<00:03, 127.55it/s, Materializing param=model.language_model.layers.21.linear_attn.A_log]
Loading weights:  39%|███▉      | 283/723 [00:00<00:03, 127.55it/s, Materializing param=model.language_model.layers.21.linear_attn.conv1d.weight]
Loading weights:  39%|███▉      | 283/723 [00:00<00:03, 127.55it/s, Materializing param=model.language_model.layers.21.linear_attn.conv1d.weight]
Loading weights:  39%|███▉      | 284/723 [00:00<00:03, 127.55it/s, Materializing param=model.language_model.layers.21.linear_attn.dt_bias]      
Loading weights:  39%|███▉      | 284/723 [00:00<00:03, 127.55it/s, Materializing param=model.language_model.layers.21.linear_attn.dt_bias]
Loading weights:  39%|███▉      | 285/723 [00:00<00:03, 127.55it/s, Materializing param=model.language_model.layers.21.linear_attn.in_proj_a.weight]
Loading weights:  39%|███▉      | 285/723 [00:00<00:03, 127.55it/s, Materializing param=model.language_model.layers.21.linear_attn.in_proj_a.weight]
Loading weights:  40%|███▉      | 286/723 [00:00<00:03, 127.55it/s, Materializing param=model.language_model.layers.21.linear_attn.in_proj_b.weight]
Loading weights:  40%|███▉      | 286/723 [00:00<00:03, 127.55it/s, Materializing param=model.language_model.layers.21.linear_attn.in_proj_b.weight]
Loading weights:  40%|███▉      | 287/723 [00:00<00:03, 127.55it/s, Materializing param=model.language_model.layers.21.linear_attn.in_proj_qkv.weight]
Loading weights:  40%|███▉      | 287/723 [00:00<00:03, 127.55it/s, Materializing param=model.language_model.layers.21.linear_attn.in_proj_qkv.weight]
Loading weights:  40%|███▉      | 288/723 [00:00<00:03, 127.55it/s, Materializing param=model.language_model.layers.21.linear_attn.in_proj_z.weight]  
Loading weights:  40%|███▉      | 288/723 [00:00<00:03, 127.55it/s, Materializing param=model.language_model.layers.21.linear_attn.in_proj_z.weight]
Loading weights:  40%|███▉      | 289/723 [00:00<00:03, 127.55it/s, Materializing param=model.language_model.layers.21.linear_attn.norm.weight]     
Loading weights:  40%|███▉      | 289/723 [00:00<00:03, 127.55it/s, Materializing param=model.language_model.layers.21.linear_attn.norm.weight]
Loading weights:  40%|████      | 290/723 [00:00<00:03, 127.55it/s, Materializing param=model.language_model.layers.21.linear_attn.out_proj.weight]
Loading weights:  40%|████      | 290/723 [00:00<00:03, 127.55it/s, Materializing param=model.language_model.layers.21.linear_attn.out_proj.weight]
Loading weights:  40%|████      | 291/723 [00:00<00:03, 127.55it/s, Materializing param=model.language_model.layers.21.mlp.down_proj.weight]       
Loading weights:  40%|████      | 291/723 [00:00<00:03, 127.55it/s, Materializing param=model.language_model.layers.21.mlp.down_proj.weight]
Loading weights:  40%|████      | 292/723 [00:00<00:03, 127.55it/s, Materializing param=model.language_model.layers.21.mlp.gate_proj.weight]
Loading weights:  40%|████      | 292/723 [00:00<00:03, 127.55it/s, Materializing param=model.language_model.layers.21.mlp.gate_proj.weight]
Loading weights:  41%|████      | 293/723 [00:00<00:03, 127.55it/s, Materializing param=model.language_model.layers.21.mlp.up_proj.weight]  
Loading weights:  41%|████      | 293/723 [00:00<00:03, 127.55it/s, Materializing param=model.language_model.layers.21.mlp.up_proj.weight]
Loading weights:  41%|████      | 294/723 [00:00<00:03, 127.55it/s, Materializing param=model.language_model.layers.21.post_attention_layernorm.weight]
Loading weights:  41%|████      | 294/723 [00:00<00:03, 127.55it/s, Materializing param=model.language_model.layers.21.post_attention_layernorm.weight]
Loading weights:  41%|████      | 295/723 [00:00<00:03, 127.55it/s, Materializing param=model.language_model.layers.22.input_layernorm.weight]         
Loading weights:  41%|████      | 295/723 [00:00<00:03, 127.55it/s, Materializing param=model.language_model.layers.22.input_layernorm.weight]
Loading weights:  41%|████      | 296/723 [00:00<00:03, 127.55it/s, Materializing param=model.language_model.layers.22.linear_attn.A_log]     
Loading weights:  41%|████      | 296/723 [00:00<00:03, 127.55it/s, Materializing param=model.language_model.layers.22.linear_attn.A_log]
Loading weights:  41%|████      | 297/723 [00:00<00:03, 127.55it/s, Materializing param=model.language_model.layers.22.linear_attn.conv1d.weight]
Loading weights:  41%|████      | 297/723 [00:00<00:03, 127.55it/s, Materializing param=model.language_model.layers.22.linear_attn.conv1d.weight]
Loading weights:  41%|████      | 298/723 [00:00<00:03, 127.55it/s, Materializing param=model.language_model.layers.22.linear_attn.dt_bias]      
Loading weights:  41%|████      | 298/723 [00:00<00:03, 127.55it/s, Materializing param=model.language_model.layers.22.linear_attn.dt_bias]
Loading weights:  41%|████▏     | 299/723 [00:00<00:03, 127.55it/s, Materializing param=model.language_model.layers.22.linear_attn.in_proj_a.weight]
Loading weights:  41%|████▏     | 299/723 [00:00<00:03, 127.55it/s, Materializing param=model.language_model.layers.22.linear_attn.in_proj_a.weight]
Loading weights:  41%|████▏     | 300/723 [00:00<00:03, 127.55it/s, Materializing param=model.language_model.layers.22.linear_attn.in_proj_b.weight]
Loading weights:  41%|████▏     | 300/723 [00:00<00:03, 127.55it/s, Materializing param=model.language_model.layers.22.linear_attn.in_proj_b.weight]
Loading weights:  42%|████▏     | 301/723 [00:00<00:03, 127.55it/s, Materializing param=model.language_model.layers.22.linear_attn.in_proj_qkv.weight]
Loading weights:  42%|████▏     | 301/723 [00:00<00:03, 127.55it/s, Materializing param=model.language_model.layers.22.linear_attn.in_proj_qkv.weight]
Loading weights:  42%|████▏     | 302/723 [00:00<00:03, 127.55it/s, Materializing param=model.language_model.layers.22.linear_attn.in_proj_z.weight]  
Loading weights:  42%|████▏     | 302/723 [00:00<00:03, 127.55it/s, Materializing param=model.language_model.layers.22.linear_attn.in_proj_z.weight]
Loading weights:  42%|████▏     | 303/723 [00:00<00:03, 127.55it/s, Materializing param=model.language_model.layers.22.linear_attn.norm.weight]     
Loading weights:  42%|████▏     | 303/723 [00:00<00:03, 127.55it/s, Materializing param=model.language_model.layers.22.linear_attn.norm.weight]
Loading weights:  42%|████▏     | 304/723 [00:00<00:03, 127.55it/s, Materializing param=model.language_model.layers.22.linear_attn.out_proj.weight]
Loading weights:  42%|████▏     | 304/723 [00:00<00:03, 127.55it/s, Materializing param=model.language_model.layers.22.linear_attn.out_proj.weight]
Loading weights:  42%|████▏     | 305/723 [00:00<00:03, 127.55it/s, Materializing param=model.language_model.layers.22.mlp.down_proj.weight]       
Loading weights:  42%|████▏     | 305/723 [00:00<00:03, 127.55it/s, Materializing param=model.language_model.layers.22.mlp.down_proj.weight]
Loading weights:  42%|████▏     | 306/723 [00:00<00:03, 127.55it/s, Materializing param=model.language_model.layers.22.mlp.gate_proj.weight]
Loading weights:  42%|████▏     | 306/723 [00:00<00:03, 127.55it/s, Materializing param=model.language_model.layers.22.mlp.gate_proj.weight]
Loading weights:  42%|████▏     | 307/723 [00:00<00:03, 127.55it/s, Materializing param=model.language_model.layers.22.mlp.up_proj.weight]  
Loading weights:  42%|████▏     | 307/723 [00:00<00:03, 127.55it/s, Materializing param=model.language_model.layers.22.mlp.up_proj.weight]
Loading weights:  43%|████▎     | 308/723 [00:00<00:03, 127.55it/s, Materializing param=model.language_model.layers.22.post_attention_layernorm.weight]
Loading weights:  43%|████▎     | 308/723 [00:00<00:03, 127.55it/s, Materializing param=model.language_model.layers.22.post_attention_layernorm.weight]
Loading weights:  43%|████▎     | 309/723 [00:00<00:03, 127.55it/s, Materializing param=model.language_model.layers.23.input_layernorm.weight]         
Loading weights:  43%|████▎     | 309/723 [00:00<00:03, 127.55it/s, Materializing param=model.language_model.layers.23.input_layernorm.weight]
Loading weights:  43%|████▎     | 310/723 [00:00<00:03, 127.55it/s, Materializing param=model.language_model.layers.23.mlp.down_proj.weight]  
Loading weights:  43%|████▎     | 310/723 [00:00<00:03, 127.55it/s, Materializing param=model.language_model.layers.23.mlp.down_proj.weight]
Loading weights:  43%|████▎     | 311/723 [00:00<00:03, 127.55it/s, Materializing param=model.language_model.layers.23.mlp.gate_proj.weight]
Loading weights:  43%|████▎     | 311/723 [00:00<00:03, 127.55it/s, Materializing param=model.language_model.layers.23.mlp.gate_proj.weight]
Loading weights:  43%|████▎     | 312/723 [00:00<00:03, 127.55it/s, Materializing param=model.language_model.layers.23.mlp.up_proj.weight]  
Loading weights:  43%|████▎     | 312/723 [00:00<00:03, 127.55it/s, Materializing param=model.language_model.layers.23.mlp.up_proj.weight]
Loading weights:  43%|████▎     | 313/723 [00:00<00:03, 127.55it/s, Materializing param=model.language_model.layers.23.post_attention_layernorm.weight]
Loading weights:  43%|████▎     | 313/723 [00:00<00:03, 127.55it/s, Materializing param=model.language_model.layers.23.post_attention_layernorm.weight]
Loading weights:  43%|████▎     | 314/723 [00:00<00:03, 127.55it/s, Materializing param=model.language_model.layers.23.self_attn.k_norm.weight]        
Loading weights:  43%|████▎     | 314/723 [00:00<00:03, 127.55it/s, Materializing param=model.language_model.layers.23.self_attn.k_norm.weight]
Loading weights:  44%|████▎     | 315/723 [00:00<00:03, 127.55it/s, Materializing param=model.language_model.layers.23.self_attn.k_proj.weight]
Loading weights:  44%|████▎     | 315/723 [00:00<00:03, 127.55it/s, Materializing param=model.language_model.layers.23.self_attn.k_proj.weight]
Loading weights:  44%|████▎     | 316/723 [00:00<00:03, 127.55it/s, Materializing param=model.language_model.layers.23.self_attn.o_proj.weight]
Loading weights:  44%|████▎     | 316/723 [00:00<00:03, 127.55it/s, Materializing param=model.language_model.layers.23.self_attn.o_proj.weight]
Loading weights:  44%|████▍     | 317/723 [00:00<00:03, 127.55it/s, Materializing param=model.language_model.layers.23.self_attn.q_norm.weight]
Loading weights:  44%|████▍     | 317/723 [00:00<00:03, 127.55it/s, Materializing param=model.language_model.layers.23.self_attn.q_norm.weight]
Loading weights:  44%|████▍     | 318/723 [00:00<00:03, 127.55it/s, Materializing param=model.language_model.layers.23.self_attn.q_proj.weight]
Loading weights:  44%|████▍     | 318/723 [00:00<00:03, 127.55it/s, Materializing param=model.language_model.layers.23.self_attn.q_proj.weight]
Loading weights:  44%|████▍     | 319/723 [00:00<00:03, 127.55it/s, Materializing param=model.language_model.layers.23.self_attn.v_proj.weight]
Loading weights:  44%|████▍     | 319/723 [00:00<00:03, 127.55it/s, Materializing param=model.language_model.layers.23.self_attn.v_proj.weight]
Loading weights:  44%|████▍     | 320/723 [00:00<00:03, 127.55it/s, Materializing param=model.language_model.layers.24.input_layernorm.weight] 
Loading weights:  44%|████▍     | 320/723 [00:00<00:03, 127.55it/s, Materializing param=model.language_model.layers.24.input_layernorm.weight]
Loading weights:  44%|████▍     | 321/723 [00:00<00:03, 127.55it/s, Materializing param=model.language_model.layers.24.linear_attn.A_log]     
Loading weights:  44%|████▍     | 321/723 [00:00<00:03, 127.55it/s, Materializing param=model.language_model.layers.24.linear_attn.A_log]
Loading weights:  45%|████▍     | 322/723 [00:00<00:03, 127.55it/s, Materializing param=model.language_model.layers.24.linear_attn.conv1d.weight]
Loading weights:  45%|████▍     | 322/723 [00:00<00:03, 127.55it/s, Materializing param=model.language_model.layers.24.linear_attn.conv1d.weight]
Loading weights:  45%|████▍     | 323/723 [00:00<00:03, 127.55it/s, Materializing param=model.language_model.layers.24.linear_attn.dt_bias]      
Loading weights:  45%|████▍     | 323/723 [00:00<00:03, 127.55it/s, Materializing param=model.language_model.layers.24.linear_attn.dt_bias]
Loading weights:  45%|████▍     | 324/723 [00:00<00:03, 127.55it/s, Materializing param=model.language_model.layers.24.linear_attn.in_proj_a.weight]
Loading weights:  45%|████▍     | 324/723 [00:00<00:03, 127.55it/s, Materializing param=model.language_model.layers.24.linear_attn.in_proj_a.weight]
Loading weights:  45%|████▍     | 325/723 [00:00<00:03, 127.55it/s, Materializing param=model.language_model.layers.24.linear_attn.in_proj_b.weight]
Loading weights:  45%|████▍     | 325/723 [00:00<00:03, 127.55it/s, Materializing param=model.language_model.layers.24.linear_attn.in_proj_b.weight]
Loading weights:  45%|████▌     | 326/723 [00:00<00:03, 127.55it/s, Materializing param=model.language_model.layers.24.linear_attn.in_proj_qkv.weight]
Loading weights:  45%|████▌     | 326/723 [00:00<00:03, 127.55it/s, Materializing param=model.language_model.layers.24.linear_attn.in_proj_qkv.weight]
Loading weights:  45%|████▌     | 327/723 [00:00<00:03, 127.55it/s, Materializing param=model.language_model.layers.24.linear_attn.in_proj_z.weight]  
Loading weights:  45%|████▌     | 327/723 [00:00<00:03, 127.55it/s, Materializing param=model.language_model.layers.24.linear_attn.in_proj_z.weight]
Loading weights:  45%|████▌     | 328/723 [00:00<00:03, 127.55it/s, Materializing param=model.language_model.layers.24.linear_attn.norm.weight]     
Loading weights:  45%|████▌     | 328/723 [00:00<00:03, 127.55it/s, Materializing param=model.language_model.layers.24.linear_attn.norm.weight]
Loading weights:  46%|████▌     | 329/723 [00:00<00:03, 127.55it/s, Materializing param=model.language_model.layers.24.linear_attn.out_proj.weight]
Loading weights:  46%|████▌     | 329/723 [00:00<00:03, 127.55it/s, Materializing param=model.language_model.layers.24.linear_attn.out_proj.weight]
Loading weights:  46%|████▌     | 330/723 [00:00<00:03, 127.55it/s, Materializing param=model.language_model.layers.24.mlp.down_proj.weight]       
Loading weights:  46%|████▌     | 330/723 [00:00<00:03, 127.55it/s, Materializing param=model.language_model.layers.24.mlp.down_proj.weight]
Loading weights:  46%|████▌     | 331/723 [00:00<00:03, 127.55it/s, Materializing param=model.language_model.layers.24.mlp.gate_proj.weight]
Loading weights:  46%|████▌     | 331/723 [00:00<00:03, 127.55it/s, Materializing param=model.language_model.layers.24.mlp.gate_proj.weight]
Loading weights:  46%|████▌     | 332/723 [00:00<00:03, 127.55it/s, Materializing param=model.language_model.layers.24.mlp.up_proj.weight]  
Loading weights:  46%|████▌     | 332/723 [00:00<00:03, 127.55it/s, Materializing param=model.language_model.layers.24.mlp.up_proj.weight]
Loading weights:  46%|████▌     | 333/723 [00:00<00:03, 127.55it/s, Materializing param=model.language_model.layers.24.post_attention_layernorm.weight]
Loading weights:  46%|████▌     | 333/723 [00:00<00:03, 127.55it/s, Materializing param=model.language_model.layers.24.post_attention_layernorm.weight]
Loading weights:  46%|████▌     | 334/723 [00:00<00:03, 127.55it/s, Materializing param=model.language_model.layers.25.input_layernorm.weight]         
Loading weights:  46%|████▌     | 334/723 [00:00<00:03, 127.55it/s, Materializing param=model.language_model.layers.25.input_layernorm.weight]
Loading weights:  46%|████▋     | 335/723 [00:00<00:03, 127.55it/s, Materializing param=model.language_model.layers.25.linear_attn.A_log]     
Loading weights:  46%|████▋     | 335/723 [00:00<00:03, 127.55it/s, Materializing param=model.language_model.layers.25.linear_attn.A_log]
Loading weights:  46%|████▋     | 336/723 [00:00<00:03, 127.55it/s, Materializing param=model.language_model.layers.25.linear_attn.conv1d.weight]
Loading weights:  46%|████▋     | 336/723 [00:00<00:03, 127.55it/s, Materializing param=model.language_model.layers.25.linear_attn.conv1d.weight]
Loading weights:  47%|████▋     | 337/723 [00:00<00:03, 127.55it/s, Materializing param=model.language_model.layers.25.linear_attn.dt_bias]      
Loading weights:  47%|████▋     | 337/723 [00:00<00:03, 127.55it/s, Materializing param=model.language_model.layers.25.linear_attn.dt_bias]
Loading weights:  47%|████▋     | 338/723 [00:00<00:03, 127.55it/s, Materializing param=model.language_model.layers.25.linear_attn.in_proj_a.weight]
Loading weights:  47%|████▋     | 338/723 [00:00<00:03, 127.55it/s, Materializing param=model.language_model.layers.25.linear_attn.in_proj_a.weight]
Loading weights:  47%|████▋     | 339/723 [00:00<00:03, 127.55it/s, Materializing param=model.language_model.layers.25.linear_attn.in_proj_b.weight]
Loading weights:  47%|████▋     | 339/723 [00:00<00:03, 127.55it/s, Materializing param=model.language_model.layers.25.linear_attn.in_proj_b.weight]
Loading weights:  47%|████▋     | 340/723 [00:00<00:03, 127.55it/s, Materializing param=model.language_model.layers.25.linear_attn.in_proj_qkv.weight]
Loading weights:  47%|████▋     | 340/723 [00:00<00:03, 127.55it/s, Materializing param=model.language_model.layers.25.linear_attn.in_proj_qkv.weight]
Loading weights:  47%|████▋     | 341/723 [00:00<00:02, 127.55it/s, Materializing param=model.language_model.layers.25.linear_attn.in_proj_z.weight]  
Loading weights:  47%|████▋     | 341/723 [00:00<00:02, 127.55it/s, Materializing param=model.language_model.layers.25.linear_attn.in_proj_z.weight]
Loading weights:  47%|████▋     | 342/723 [00:00<00:02, 127.55it/s, Materializing param=model.language_model.layers.25.linear_attn.norm.weight]     
Loading weights:  47%|████▋     | 342/723 [00:00<00:02, 127.55it/s, Materializing param=model.language_model.layers.25.linear_attn.norm.weight]
Loading weights:  47%|████▋     | 343/723 [00:00<00:02, 127.55it/s, Materializing param=model.language_model.layers.25.linear_attn.out_proj.weight]
Loading weights:  47%|████▋     | 343/723 [00:00<00:02, 127.55it/s, Materializing param=model.language_model.layers.25.linear_attn.out_proj.weight]
Loading weights:  48%|████▊     | 344/723 [00:00<00:02, 127.55it/s, Materializing param=model.language_model.layers.25.mlp.down_proj.weight]       
Loading weights:  48%|████▊     | 344/723 [00:00<00:02, 127.55it/s, Materializing param=model.language_model.layers.25.mlp.down_proj.weight]
Loading weights:  48%|████▊     | 345/723 [00:00<00:02, 127.55it/s, Materializing param=model.language_model.layers.25.mlp.gate_proj.weight]
Loading weights:  48%|████▊     | 345/723 [00:00<00:02, 127.55it/s, Materializing param=model.language_model.layers.25.mlp.gate_proj.weight]
Loading weights:  48%|████▊     | 346/723 [00:00<00:02, 127.55it/s, Materializing param=model.language_model.layers.25.mlp.up_proj.weight]  
Loading weights:  48%|████▊     | 346/723 [00:00<00:02, 127.55it/s, Materializing param=model.language_model.layers.25.mlp.up_proj.weight]
Loading weights:  48%|████▊     | 347/723 [00:00<00:02, 127.55it/s, Materializing param=model.language_model.layers.25.post_attention_layernorm.weight]
Loading weights:  48%|████▊     | 347/723 [00:00<00:02, 127.55it/s, Materializing param=model.language_model.layers.25.post_attention_layernorm.weight]
Loading weights:  48%|████▊     | 348/723 [00:00<00:02, 127.55it/s, Materializing param=model.language_model.layers.26.input_layernorm.weight]         
Loading weights:  48%|████▊     | 348/723 [00:00<00:02, 127.55it/s, Materializing param=model.language_model.layers.26.input_layernorm.weight]
Loading weights:  48%|████▊     | 349/723 [00:00<00:02, 127.55it/s, Materializing param=model.language_model.layers.26.linear_attn.A_log]     
Loading weights:  48%|████▊     | 349/723 [00:00<00:02, 127.55it/s, Materializing param=model.language_model.layers.26.linear_attn.A_log]
Loading weights:  48%|████▊     | 350/723 [00:00<00:02, 127.55it/s, Materializing param=model.language_model.layers.26.linear_attn.conv1d.weight]
Loading weights:  48%|████▊     | 350/723 [00:00<00:02, 127.55it/s, Materializing param=model.language_model.layers.26.linear_attn.conv1d.weight]
Loading weights:  49%|████▊     | 351/723 [00:00<00:02, 127.55it/s, Materializing param=model.language_model.layers.26.linear_attn.dt_bias]      
Loading weights:  49%|████▊     | 351/723 [00:00<00:02, 127.55it/s, Materializing param=model.language_model.layers.26.linear_attn.dt_bias]
Loading weights:  49%|████▊     | 352/723 [00:00<00:02, 127.55it/s, Materializing param=model.language_model.layers.26.linear_attn.in_proj_a.weight]
Loading weights:  49%|████▊     | 352/723 [00:00<00:02, 127.55it/s, Materializing param=model.language_model.layers.26.linear_attn.in_proj_a.weight]
Loading weights:  49%|████▉     | 353/723 [00:00<00:02, 127.55it/s, Materializing param=model.language_model.layers.26.linear_attn.in_proj_b.weight]
Loading weights:  49%|████▉     | 353/723 [00:00<00:02, 127.55it/s, Materializing param=model.language_model.layers.26.linear_attn.in_proj_b.weight]
Loading weights:  49%|████▉     | 354/723 [00:00<00:02, 127.55it/s, Materializing param=model.language_model.layers.26.linear_attn.in_proj_qkv.weight]
Loading weights:  49%|████▉     | 354/723 [00:00<00:02, 127.55it/s, Materializing param=model.language_model.layers.26.linear_attn.in_proj_qkv.weight]
Loading weights:  49%|████▉     | 355/723 [00:00<00:02, 127.55it/s, Materializing param=model.language_model.layers.26.linear_attn.in_proj_z.weight]  
Loading weights:  49%|████▉     | 355/723 [00:00<00:02, 127.55it/s, Materializing param=model.language_model.layers.26.linear_attn.in_proj_z.weight]
Loading weights:  49%|████▉     | 356/723 [00:00<00:02, 127.55it/s, Materializing param=model.language_model.layers.26.linear_attn.norm.weight]     
Loading weights:  49%|████▉     | 356/723 [00:00<00:02, 127.55it/s, Materializing param=model.language_model.layers.26.linear_attn.norm.weight]
Loading weights:  49%|████▉     | 357/723 [00:00<00:02, 127.55it/s, Materializing param=model.language_model.layers.26.linear_attn.out_proj.weight]
Loading weights:  49%|████▉     | 357/723 [00:00<00:02, 127.55it/s, Materializing param=model.language_model.layers.26.linear_attn.out_proj.weight]
Loading weights:  50%|████▉     | 358/723 [00:00<00:02, 127.55it/s, Materializing param=model.language_model.layers.26.mlp.down_proj.weight]       
Loading weights:  50%|████▉     | 358/723 [00:00<00:02, 127.55it/s, Materializing param=model.language_model.layers.26.mlp.down_proj.weight]
Loading weights:  50%|████▉     | 359/723 [00:00<00:02, 127.55it/s, Materializing param=model.language_model.layers.26.mlp.gate_proj.weight]
Loading weights:  50%|████▉     | 359/723 [00:00<00:02, 127.55it/s, Materializing param=model.language_model.layers.26.mlp.gate_proj.weight]
Loading weights:  50%|████▉     | 360/723 [00:00<00:02, 127.55it/s, Materializing param=model.language_model.layers.26.mlp.up_proj.weight]  
Loading weights:  50%|████▉     | 360/723 [00:00<00:02, 127.55it/s, Materializing param=model.language_model.layers.26.mlp.up_proj.weight]
Loading weights:  50%|████▉     | 361/723 [00:00<00:02, 127.55it/s, Materializing param=model.language_model.layers.26.post_attention_layernorm.weight]
Loading weights:  50%|████▉     | 361/723 [00:00<00:02, 127.55it/s, Materializing param=model.language_model.layers.26.post_attention_layernorm.weight]
Loading weights:  50%|█████     | 362/723 [00:00<00:02, 127.55it/s, Materializing param=model.language_model.layers.27.input_layernorm.weight]         
Loading weights:  50%|█████     | 362/723 [00:00<00:02, 127.55it/s, Materializing param=model.language_model.layers.27.input_layernorm.weight]
Loading weights:  50%|█████     | 363/723 [00:00<00:02, 127.55it/s, Materializing param=model.language_model.layers.27.mlp.down_proj.weight]  
Loading weights:  50%|█████     | 363/723 [00:00<00:02, 127.55it/s, Materializing param=model.language_model.layers.27.mlp.down_proj.weight]
Loading weights:  50%|█████     | 364/723 [00:00<00:02, 127.55it/s, Materializing param=model.language_model.layers.27.mlp.gate_proj.weight]
Loading weights:  50%|█████     | 364/723 [00:00<00:02, 127.55it/s, Materializing param=model.language_model.layers.27.mlp.gate_proj.weight]
Loading weights:  50%|█████     | 365/723 [00:00<00:02, 127.55it/s, Materializing param=model.language_model.layers.27.mlp.up_proj.weight]  
Loading weights:  50%|█████     | 365/723 [00:00<00:02, 127.55it/s, Materializing param=model.language_model.layers.27.mlp.up_proj.weight]
Loading weights:  51%|█████     | 366/723 [00:00<00:02, 127.55it/s, Materializing param=model.language_model.layers.27.post_attention_layernorm.weight]
Loading weights:  51%|█████     | 366/723 [00:00<00:02, 127.55it/s, Materializing param=model.language_model.layers.27.post_attention_layernorm.weight]
Loading weights:  51%|█████     | 367/723 [00:00<00:02, 127.55it/s, Materializing param=model.language_model.layers.27.self_attn.k_norm.weight]        
Loading weights:  51%|█████     | 367/723 [00:00<00:02, 127.55it/s, Materializing param=model.language_model.layers.27.self_attn.k_norm.weight]
Loading weights:  51%|█████     | 368/723 [00:00<00:02, 127.55it/s, Materializing param=model.language_model.layers.27.self_attn.k_proj.weight]
Loading weights:  51%|█████     | 368/723 [00:00<00:02, 127.55it/s, Materializing param=model.language_model.layers.27.self_attn.k_proj.weight]
Loading weights:  51%|█████     | 369/723 [00:00<00:02, 127.55it/s, Materializing param=model.language_model.layers.27.self_attn.o_proj.weight]
Loading weights:  51%|█████     | 369/723 [00:00<00:02, 127.55it/s, Materializing param=model.language_model.layers.27.self_attn.o_proj.weight]
Loading weights:  51%|█████     | 370/723 [00:00<00:02, 127.55it/s, Materializing param=model.language_model.layers.27.self_attn.q_norm.weight]
Loading weights:  51%|█████     | 370/723 [00:00<00:02, 127.55it/s, Materializing param=model.language_model.layers.27.self_attn.q_norm.weight]
Loading weights:  51%|█████▏    | 371/723 [00:00<00:02, 127.55it/s, Materializing param=model.language_model.layers.27.self_attn.q_proj.weight]
Loading weights:  51%|█████▏    | 371/723 [00:00<00:02, 127.55it/s, Materializing param=model.language_model.layers.27.self_attn.q_proj.weight]
Loading weights:  51%|█████▏    | 372/723 [00:00<00:02, 127.55it/s, Materializing param=model.language_model.layers.27.self_attn.v_proj.weight]
Loading weights:  51%|█████▏    | 372/723 [00:00<00:02, 127.55it/s, Materializing param=model.language_model.layers.27.self_attn.v_proj.weight]
Loading weights:  52%|█████▏    | 373/723 [00:00<00:02, 127.55it/s, Materializing param=model.language_model.layers.28.input_layernorm.weight] 
Loading weights:  52%|█████▏    | 373/723 [00:00<00:02, 127.55it/s, Materializing param=model.language_model.layers.28.input_layernorm.weight]
Loading weights:  52%|█████▏    | 374/723 [00:00<00:02, 127.55it/s, Materializing param=model.language_model.layers.28.linear_attn.A_log]     
Loading weights:  52%|█████▏    | 374/723 [00:00<00:02, 127.55it/s, Materializing param=model.language_model.layers.28.linear_attn.A_log]
Loading weights:  52%|█████▏    | 375/723 [00:00<00:02, 127.55it/s, Materializing param=model.language_model.layers.28.linear_attn.conv1d.weight]
Loading weights:  52%|█████▏    | 375/723 [00:00<00:02, 127.55it/s, Materializing param=model.language_model.layers.28.linear_attn.conv1d.weight]
Loading weights:  52%|█████▏    | 376/723 [00:00<00:02, 127.55it/s, Materializing param=model.language_model.layers.28.linear_attn.dt_bias]      
Loading weights:  52%|█████▏    | 376/723 [00:00<00:02, 127.55it/s, Materializing param=model.language_model.layers.28.linear_attn.dt_bias]
Loading weights:  52%|█████▏    | 377/723 [00:00<00:02, 127.55it/s, Materializing param=model.language_model.layers.28.linear_attn.in_proj_a.weight]
Loading weights:  52%|█████▏    | 377/723 [00:00<00:02, 127.55it/s, Materializing param=model.language_model.layers.28.linear_attn.in_proj_a.weight]
Loading weights:  52%|█████▏    | 378/723 [00:00<00:02, 127.55it/s, Materializing param=model.language_model.layers.28.linear_attn.in_proj_b.weight]
Loading weights:  52%|█████▏    | 378/723 [00:00<00:02, 127.55it/s, Materializing param=model.language_model.layers.28.linear_attn.in_proj_b.weight]
Loading weights:  52%|█████▏    | 379/723 [00:00<00:02, 127.55it/s, Materializing param=model.language_model.layers.28.linear_attn.in_proj_qkv.weight]
Loading weights:  52%|█████▏    | 379/723 [00:00<00:02, 127.55it/s, Materializing param=model.language_model.layers.28.linear_attn.in_proj_qkv.weight]
Loading weights:  53%|█████▎    | 380/723 [00:00<00:02, 127.55it/s, Materializing param=model.language_model.layers.28.linear_attn.in_proj_z.weight]  
Loading weights:  53%|█████▎    | 380/723 [00:00<00:02, 127.55it/s, Materializing param=model.language_model.layers.28.linear_attn.in_proj_z.weight]
Loading weights:  53%|█████▎    | 381/723 [00:00<00:00, 999.75it/s, Materializing param=model.language_model.layers.28.linear_attn.in_proj_z.weight]
Loading weights:  53%|█████▎    | 381/723 [00:00<00:00, 999.75it/s, Materializing param=model.language_model.layers.28.linear_attn.norm.weight]     
Loading weights:  53%|█████▎    | 381/723 [00:00<00:00, 999.75it/s, Materializing param=model.language_model.layers.28.linear_attn.norm.weight]
Loading weights:  53%|█████▎    | 382/723 [00:00<00:00, 999.75it/s, Materializing param=model.language_model.layers.28.linear_attn.out_proj.weight]
Loading weights:  53%|█████▎    | 382/723 [00:00<00:00, 999.75it/s, Materializing param=model.language_model.layers.28.linear_attn.out_proj.weight]
Loading weights:  53%|█████▎    | 383/723 [00:00<00:00, 999.75it/s, Materializing param=model.language_model.layers.28.mlp.down_proj.weight]       
Loading weights:  53%|█████▎    | 383/723 [00:00<00:00, 999.75it/s, Materializing param=model.language_model.layers.28.mlp.down_proj.weight]
Loading weights:  53%|█████▎    | 384/723 [00:00<00:00, 999.75it/s, Materializing param=model.language_model.layers.28.mlp.gate_proj.weight]
Loading weights:  53%|█████▎    | 384/723 [00:00<00:00, 999.75it/s, Materializing param=model.language_model.layers.28.mlp.gate_proj.weight]
Loading weights:  53%|█████▎    | 385/723 [00:00<00:00, 999.75it/s, Materializing param=model.language_model.layers.28.mlp.up_proj.weight]  
Loading weights:  53%|█████▎    | 385/723 [00:00<00:00, 999.75it/s, Materializing param=model.language_model.layers.28.mlp.up_proj.weight]
Loading weights:  53%|█████▎    | 386/723 [00:00<00:00, 999.75it/s, Materializing param=model.language_model.layers.28.post_attention_layernorm.weight]
Loading weights:  53%|█████▎    | 386/723 [00:00<00:00, 999.75it/s, Materializing param=model.language_model.layers.28.post_attention_layernorm.weight]
Loading weights:  54%|█████▎    | 387/723 [00:00<00:00, 999.75it/s, Materializing param=model.language_model.layers.29.input_layernorm.weight]         
Loading weights:  54%|█████▎    | 387/723 [00:00<00:00, 999.75it/s, Materializing param=model.language_model.layers.29.input_layernorm.weight]
Loading weights:  54%|█████▎    | 388/723 [00:00<00:00, 999.75it/s, Materializing param=model.language_model.layers.29.linear_attn.A_log]     
Loading weights:  54%|█████▎    | 388/723 [00:00<00:00, 999.75it/s, Materializing param=model.language_model.layers.29.linear_attn.A_log]
Loading weights:  54%|█████▍    | 389/723 [00:00<00:00, 999.75it/s, Materializing param=model.language_model.layers.29.linear_attn.conv1d.weight]
Loading weights:  54%|█████▍    | 389/723 [00:00<00:00, 999.75it/s, Materializing param=model.language_model.layers.29.linear_attn.conv1d.weight]
Loading weights:  54%|█████▍    | 390/723 [00:00<00:00, 999.75it/s, Materializing param=model.language_model.layers.29.linear_attn.dt_bias]      
Loading weights:  54%|█████▍    | 390/723 [00:00<00:00, 999.75it/s, Materializing param=model.language_model.layers.29.linear_attn.dt_bias]
Loading weights:  54%|█████▍    | 391/723 [00:00<00:00, 999.75it/s, Materializing param=model.language_model.layers.29.linear_attn.in_proj_a.weight]
Loading weights:  54%|█████▍    | 391/723 [00:00<00:00, 999.75it/s, Materializing param=model.language_model.layers.29.linear_attn.in_proj_a.weight]
Loading weights:  54%|█████▍    | 392/723 [00:00<00:00, 999.75it/s, Materializing param=model.language_model.layers.29.linear_attn.in_proj_b.weight]
Loading weights:  54%|█████▍    | 392/723 [00:00<00:00, 999.75it/s, Materializing param=model.language_model.layers.29.linear_attn.in_proj_b.weight]
Loading weights:  54%|█████▍    | 393/723 [00:00<00:00, 999.75it/s, Materializing param=model.language_model.layers.29.linear_attn.in_proj_qkv.weight]
Loading weights:  54%|█████▍    | 393/723 [00:00<00:00, 999.75it/s, Materializing param=model.language_model.layers.29.linear_attn.in_proj_qkv.weight]
Loading weights:  54%|█████▍    | 394/723 [00:00<00:00, 999.75it/s, Materializing param=model.language_model.layers.29.linear_attn.in_proj_z.weight]  
Loading weights:  54%|█████▍    | 394/723 [00:00<00:00, 999.75it/s, Materializing param=model.language_model.layers.29.linear_attn.in_proj_z.weight]
Loading weights:  55%|█████▍    | 395/723 [00:00<00:00, 999.75it/s, Materializing param=model.language_model.layers.29.linear_attn.norm.weight]     
Loading weights:  55%|█████▍    | 395/723 [00:00<00:00, 999.75it/s, Materializing param=model.language_model.layers.29.linear_attn.norm.weight]
Loading weights:  55%|█████▍    | 396/723 [00:00<00:00, 999.75it/s, Materializing param=model.language_model.layers.29.linear_attn.out_proj.weight]
Loading weights:  55%|█████▍    | 396/723 [00:00<00:00, 999.75it/s, Materializing param=model.language_model.layers.29.linear_attn.out_proj.weight]
Loading weights:  55%|█████▍    | 397/723 [00:00<00:00, 999.75it/s, Materializing param=model.language_model.layers.29.mlp.down_proj.weight]       
Loading weights:  55%|█████▍    | 397/723 [00:00<00:00, 999.75it/s, Materializing param=model.language_model.layers.29.mlp.down_proj.weight]
Loading weights:  55%|█████▌    | 398/723 [00:00<00:00, 999.75it/s, Materializing param=model.language_model.layers.29.mlp.gate_proj.weight]
Loading weights:  55%|█████▌    | 398/723 [00:00<00:00, 999.75it/s, Materializing param=model.language_model.layers.29.mlp.gate_proj.weight]
Loading weights:  55%|█████▌    | 399/723 [00:00<00:00, 999.75it/s, Materializing param=model.language_model.layers.29.mlp.up_proj.weight]  
Loading weights:  55%|█████▌    | 399/723 [00:00<00:00, 999.75it/s, Materializing param=model.language_model.layers.29.mlp.up_proj.weight]
Loading weights:  55%|█████▌    | 400/723 [00:00<00:00, 999.75it/s, Materializing param=model.language_model.layers.29.post_attention_layernorm.weight]
Loading weights:  55%|█████▌    | 400/723 [00:00<00:00, 999.75it/s, Materializing param=model.language_model.layers.29.post_attention_layernorm.weight]
Loading weights:  55%|█████▌    | 401/723 [00:00<00:00, 999.75it/s, Materializing param=model.language_model.layers.30.input_layernorm.weight]         
Loading weights:  55%|█████▌    | 401/723 [00:00<00:00, 999.75it/s, Materializing param=model.language_model.layers.30.input_layernorm.weight]
Loading weights:  56%|█████▌    | 402/723 [00:00<00:00, 999.75it/s, Materializing param=model.language_model.layers.30.linear_attn.A_log]     
Loading weights:  56%|█████▌    | 402/723 [00:00<00:00, 999.75it/s, Materializing param=model.language_model.layers.30.linear_attn.A_log]
Loading weights:  56%|█████▌    | 403/723 [00:00<00:00, 999.75it/s, Materializing param=model.language_model.layers.30.linear_attn.conv1d.weight]
Loading weights:  56%|█████▌    | 403/723 [00:00<00:00, 999.75it/s, Materializing param=model.language_model.layers.30.linear_attn.conv1d.weight]
Loading weights:  56%|█████▌    | 404/723 [00:00<00:00, 999.75it/s, Materializing param=model.language_model.layers.30.linear_attn.dt_bias]      
Loading weights:  56%|█████▌    | 404/723 [00:00<00:00, 999.75it/s, Materializing param=model.language_model.layers.30.linear_attn.dt_bias]
Loading weights:  56%|█████▌    | 405/723 [00:00<00:00, 999.75it/s, Materializing param=model.language_model.layers.30.linear_attn.in_proj_a.weight]
Loading weights:  56%|█████▌    | 405/723 [00:00<00:00, 999.75it/s, Materializing param=model.language_model.layers.30.linear_attn.in_proj_a.weight]
Loading weights:  56%|█████▌    | 406/723 [00:00<00:00, 999.75it/s, Materializing param=model.language_model.layers.30.linear_attn.in_proj_b.weight]
Loading weights:  56%|█████▌    | 406/723 [00:00<00:00, 999.75it/s, Materializing param=model.language_model.layers.30.linear_attn.in_proj_b.weight]
Loading weights:  56%|█████▋    | 407/723 [00:00<00:00, 999.75it/s, Materializing param=model.language_model.layers.30.linear_attn.in_proj_qkv.weight]
Loading weights:  56%|█████▋    | 407/723 [00:00<00:00, 999.75it/s, Materializing param=model.language_model.layers.30.linear_attn.in_proj_qkv.weight]
Loading weights:  56%|█████▋    | 408/723 [00:00<00:00, 999.75it/s, Materializing param=model.language_model.layers.30.linear_attn.in_proj_z.weight]  
Loading weights:  56%|█████▋    | 408/723 [00:00<00:00, 999.75it/s, Materializing param=model.language_model.layers.30.linear_attn.in_proj_z.weight]
Loading weights:  57%|█████▋    | 409/723 [00:00<00:00, 999.75it/s, Materializing param=model.language_model.layers.30.linear_attn.norm.weight]     
Loading weights:  57%|█████▋    | 409/723 [00:00<00:00, 999.75it/s, Materializing param=model.language_model.layers.30.linear_attn.norm.weight]
Loading weights:  57%|█████▋    | 410/723 [00:00<00:00, 999.75it/s, Materializing param=model.language_model.layers.30.linear_attn.out_proj.weight]
Loading weights:  57%|█████▋    | 410/723 [00:00<00:00, 999.75it/s, Materializing param=model.language_model.layers.30.linear_attn.out_proj.weight]
Loading weights:  57%|█████▋    | 411/723 [00:00<00:00, 999.75it/s, Materializing param=model.language_model.layers.30.mlp.down_proj.weight]       
Loading weights:  57%|█████▋    | 411/723 [00:00<00:00, 999.75it/s, Materializing param=model.language_model.layers.30.mlp.down_proj.weight]
Loading weights:  57%|█████▋    | 412/723 [00:00<00:00, 999.75it/s, Materializing param=model.language_model.layers.30.mlp.gate_proj.weight]
Loading weights:  57%|█████▋    | 412/723 [00:00<00:00, 999.75it/s, Materializing param=model.language_model.layers.30.mlp.gate_proj.weight]
Loading weights:  57%|█████▋    | 413/723 [00:00<00:00, 999.75it/s, Materializing param=model.language_model.layers.30.mlp.up_proj.weight]  
Loading weights:  57%|█████▋    | 413/723 [00:00<00:00, 999.75it/s, Materializing param=model.language_model.layers.30.mlp.up_proj.weight]
Loading weights:  57%|█████▋    | 414/723 [00:00<00:00, 999.75it/s, Materializing param=model.language_model.layers.30.post_attention_layernorm.weight]
Loading weights:  57%|█████▋    | 414/723 [00:00<00:00, 999.75it/s, Materializing param=model.language_model.layers.30.post_attention_layernorm.weight]
Loading weights:  57%|█████▋    | 415/723 [00:00<00:00, 999.75it/s, Materializing param=model.language_model.layers.31.input_layernorm.weight]         
Loading weights:  57%|█████▋    | 415/723 [00:00<00:00, 999.75it/s, Materializing param=model.language_model.layers.31.input_layernorm.weight]
Loading weights:  58%|█████▊    | 416/723 [00:00<00:00, 999.75it/s, Materializing param=model.language_model.layers.31.mlp.down_proj.weight]  
Loading weights:  58%|█████▊    | 416/723 [00:00<00:00, 999.75it/s, Materializing param=model.language_model.layers.31.mlp.down_proj.weight]
Loading weights:  58%|█████▊    | 417/723 [00:00<00:00, 999.75it/s, Materializing param=model.language_model.layers.31.mlp.gate_proj.weight]
Loading weights:  58%|█████▊    | 417/723 [00:00<00:00, 999.75it/s, Materializing param=model.language_model.layers.31.mlp.gate_proj.weight]
Loading weights:  58%|█████▊    | 418/723 [00:00<00:00, 999.75it/s, Materializing param=model.language_model.layers.31.mlp.up_proj.weight]  
Loading weights:  58%|█████▊    | 418/723 [00:00<00:00, 999.75it/s, Materializing param=model.language_model.layers.31.mlp.up_proj.weight]
Loading weights:  58%|█████▊    | 419/723 [00:00<00:00, 999.75it/s, Materializing param=model.language_model.layers.31.post_attention_layernorm.weight]
Loading weights:  58%|█████▊    | 419/723 [00:00<00:00, 999.75it/s, Materializing param=model.language_model.layers.31.post_attention_layernorm.weight]
Loading weights:  58%|█████▊    | 420/723 [00:00<00:00, 999.75it/s, Materializing param=model.language_model.layers.31.self_attn.k_norm.weight]        
Loading weights:  58%|█████▊    | 420/723 [00:00<00:00, 999.75it/s, Materializing param=model.language_model.layers.31.self_attn.k_norm.weight]
Loading weights:  58%|█████▊    | 421/723 [00:00<00:00, 999.75it/s, Materializing param=model.language_model.layers.31.self_attn.k_proj.weight]
Loading weights:  58%|█████▊    | 421/723 [00:00<00:00, 999.75it/s, Materializing param=model.language_model.layers.31.self_attn.k_proj.weight]
Loading weights:  58%|█████▊    | 422/723 [00:00<00:00, 999.75it/s, Materializing param=model.language_model.layers.31.self_attn.o_proj.weight]
Loading weights:  58%|█████▊    | 422/723 [00:00<00:00, 999.75it/s, Materializing param=model.language_model.layers.31.self_attn.o_proj.weight]
Loading weights:  59%|█████▊    | 423/723 [00:00<00:00, 999.75it/s, Materializing param=model.language_model.layers.31.self_attn.q_norm.weight]
Loading weights:  59%|█████▊    | 423/723 [00:00<00:00, 999.75it/s, Materializing param=model.language_model.layers.31.self_attn.q_norm.weight]
Loading weights:  59%|█████▊    | 424/723 [00:00<00:00, 999.75it/s, Materializing param=model.language_model.layers.31.self_attn.q_proj.weight]
Loading weights:  59%|█████▊    | 424/723 [00:00<00:00, 999.75it/s, Materializing param=model.language_model.layers.31.self_attn.q_proj.weight]
Loading weights:  59%|█████▉    | 425/723 [00:00<00:00, 999.75it/s, Materializing param=model.language_model.layers.31.self_attn.v_proj.weight]
Loading weights:  59%|█████▉    | 425/723 [00:00<00:00, 999.75it/s, Materializing param=model.language_model.layers.31.self_attn.v_proj.weight]
Loading weights:  59%|█████▉    | 426/723 [00:00<00:00, 999.75it/s, Materializing param=model.language_model.norm.weight]                      
Loading weights:  59%|█████▉    | 426/723 [00:00<00:00, 999.75it/s, Materializing param=model.language_model.norm.weight]
Loading weights:  59%|█████▉    | 427/723 [00:00<00:00, 999.75it/s, Materializing param=model.visual.blocks.0.attn.proj.bias]
Loading weights:  59%|█████▉    | 427/723 [00:00<00:00, 999.75it/s, Materializing param=model.visual.blocks.0.attn.proj.bias]
Loading weights:  59%|█████▉    | 428/723 [00:00<00:00, 999.75it/s, Materializing param=model.visual.blocks.0.attn.proj.weight]
Loading weights:  59%|█████▉    | 428/723 [00:00<00:00, 999.75it/s, Materializing param=model.visual.blocks.0.attn.proj.weight]
Loading weights:  59%|█████▉    | 429/723 [00:00<00:00, 999.75it/s, Materializing param=model.visual.blocks.0.attn.qkv.bias]   
Loading weights:  59%|█████▉    | 429/723 [00:00<00:00, 999.75it/s, Materializing param=model.visual.blocks.0.attn.qkv.bias]
Loading weights:  59%|█████▉    | 430/723 [00:00<00:00, 999.75it/s, Materializing param=model.visual.blocks.0.attn.qkv.weight]
Loading weights:  59%|█████▉    | 430/723 [00:00<00:00, 999.75it/s, Materializing param=model.visual.blocks.0.attn.qkv.weight]
Loading weights:  60%|█████▉    | 431/723 [00:00<00:00, 999.75it/s, Materializing param=model.visual.blocks.0.mlp.linear_fc1.bias]
Loading weights:  60%|█████▉    | 431/723 [00:00<00:00, 999.75it/s, Materializing param=model.visual.blocks.0.mlp.linear_fc1.bias]
Loading weights:  60%|█████▉    | 432/723 [00:00<00:00, 999.75it/s, Materializing param=model.visual.blocks.0.mlp.linear_fc1.weight]
Loading weights:  60%|█████▉    | 432/723 [00:00<00:00, 999.75it/s, Materializing param=model.visual.blocks.0.mlp.linear_fc1.weight]
Loading weights:  60%|█████▉    | 433/723 [00:00<00:00, 999.75it/s, Materializing param=model.visual.blocks.0.mlp.linear_fc2.bias]  
Loading weights:  60%|█████▉    | 433/723 [00:00<00:00, 999.75it/s, Materializing param=model.visual.blocks.0.mlp.linear_fc2.bias]
Loading weights:  60%|██████    | 434/723 [00:00<00:00, 999.75it/s, Materializing param=model.visual.blocks.0.mlp.linear_fc2.weight]
Loading weights:  60%|██████    | 434/723 [00:00<00:00, 999.75it/s, Materializing param=model.visual.blocks.0.mlp.linear_fc2.weight]
Loading weights:  60%|██████    | 435/723 [00:00<00:00, 999.75it/s, Materializing param=model.visual.blocks.0.norm1.bias]           
Loading weights:  60%|██████    | 435/723 [00:00<00:00, 999.75it/s, Materializing param=model.visual.blocks.0.norm1.bias]
Loading weights:  60%|██████    | 436/723 [00:00<00:00, 999.75it/s, Materializing param=model.visual.blocks.0.norm1.weight]
Loading weights:  60%|██████    | 436/723 [00:00<00:00, 999.75it/s, Materializing param=model.visual.blocks.0.norm1.weight]
Loading weights:  60%|██████    | 437/723 [00:00<00:00, 999.75it/s, Materializing param=model.visual.blocks.0.norm2.bias]  
Loading weights:  60%|██████    | 437/723 [00:00<00:00, 999.75it/s, Materializing param=model.visual.blocks.0.norm2.bias]
Loading weights:  61%|██████    | 438/723 [00:00<00:00, 999.75it/s, Materializing param=model.visual.blocks.0.norm2.weight]
Loading weights:  61%|██████    | 438/723 [00:00<00:00, 999.75it/s, Materializing param=model.visual.blocks.0.norm2.weight]
Loading weights:  61%|██████    | 439/723 [00:00<00:00, 999.75it/s, Materializing param=model.visual.blocks.1.attn.proj.bias]
Loading weights:  61%|██████    | 439/723 [00:00<00:00, 999.75it/s, Materializing param=model.visual.blocks.1.attn.proj.bias]
Loading weights:  61%|██████    | 440/723 [00:00<00:00, 999.75it/s, Materializing param=model.visual.blocks.1.attn.proj.weight]
Loading weights:  61%|██████    | 440/723 [00:00<00:00, 999.75it/s, Materializing param=model.visual.blocks.1.attn.proj.weight]
Loading weights:  61%|██████    | 441/723 [00:00<00:00, 999.75it/s, Materializing param=model.visual.blocks.1.attn.qkv.bias]   
Loading weights:  61%|██████    | 441/723 [00:00<00:00, 999.75it/s, Materializing param=model.visual.blocks.1.attn.qkv.bias]
Loading weights:  61%|██████    | 442/723 [00:00<00:00, 999.75it/s, Materializing param=model.visual.blocks.1.attn.qkv.weight]
Loading weights:  61%|██████    | 442/723 [00:00<00:00, 999.75it/s, Materializing param=model.visual.blocks.1.attn.qkv.weight]
Loading weights:  61%|██████▏   | 443/723 [00:00<00:00, 999.75it/s, Materializing param=model.visual.blocks.1.mlp.linear_fc1.bias]
Loading weights:  61%|██████▏   | 443/723 [00:00<00:00, 999.75it/s, Materializing param=model.visual.blocks.1.mlp.linear_fc1.bias]
Loading weights:  61%|██████▏   | 444/723 [00:00<00:00, 999.75it/s, Materializing param=model.visual.blocks.1.mlp.linear_fc1.weight]
Loading weights:  61%|██████▏   | 444/723 [00:00<00:00, 999.75it/s, Materializing param=model.visual.blocks.1.mlp.linear_fc1.weight]
Loading weights:  62%|██████▏   | 445/723 [00:00<00:00, 999.75it/s, Materializing param=model.visual.blocks.1.mlp.linear_fc2.bias]  
Loading weights:  62%|██████▏   | 445/723 [00:00<00:00, 999.75it/s, Materializing param=model.visual.blocks.1.mlp.linear_fc2.bias]
Loading weights:  62%|██████▏   | 446/723 [00:00<00:00, 999.75it/s, Materializing param=model.visual.blocks.1.mlp.linear_fc2.weight]
Loading weights:  62%|██████▏   | 446/723 [00:00<00:00, 999.75it/s, Materializing param=model.visual.blocks.1.mlp.linear_fc2.weight]
Loading weights:  62%|██████▏   | 447/723 [00:00<00:00, 999.75it/s, Materializing param=model.visual.blocks.1.norm1.bias]           
Loading weights:  62%|██████▏   | 447/723 [00:00<00:00, 999.75it/s, Materializing param=model.visual.blocks.1.norm1.bias]
Loading weights:  62%|██████▏   | 448/723 [00:00<00:00, 999.75it/s, Materializing param=model.visual.blocks.1.norm1.weight]
Loading weights:  62%|██████▏   | 448/723 [00:00<00:00, 999.75it/s, Materializing param=model.visual.blocks.1.norm1.weight]
Loading weights:  62%|██████▏   | 449/723 [00:00<00:00, 999.75it/s, Materializing param=model.visual.blocks.1.norm2.bias]  
Loading weights:  62%|██████▏   | 449/723 [00:00<00:00, 999.75it/s, Materializing param=model.visual.blocks.1.norm2.bias]
Loading weights:  62%|██████▏   | 450/723 [00:00<00:00, 999.75it/s, Materializing param=model.visual.blocks.1.norm2.weight]
Loading weights:  62%|██████▏   | 450/723 [00:00<00:00, 999.75it/s, Materializing param=model.visual.blocks.1.norm2.weight]
Loading weights:  62%|██████▏   | 451/723 [00:00<00:00, 999.75it/s, Materializing param=model.visual.blocks.2.attn.proj.bias]
Loading weights:  62%|██████▏   | 451/723 [00:00<00:00, 999.75it/s, Materializing param=model.visual.blocks.2.attn.proj.bias]
Loading weights:  63%|██████▎   | 452/723 [00:00<00:00, 999.75it/s, Materializing param=model.visual.blocks.2.attn.proj.weight]
Loading weights:  63%|██████▎   | 452/723 [00:00<00:00, 999.75it/s, Materializing param=model.visual.blocks.2.attn.proj.weight]
Loading weights:  63%|██████▎   | 453/723 [00:00<00:00, 999.75it/s, Materializing param=model.visual.blocks.2.attn.qkv.bias]   
Loading weights:  63%|██████▎   | 453/723 [00:00<00:00, 999.75it/s, Materializing param=model.visual.blocks.2.attn.qkv.bias]
Loading weights:  63%|██████▎   | 454/723 [00:00<00:00, 999.75it/s, Materializing param=model.visual.blocks.2.attn.qkv.weight]
Loading weights:  63%|██████▎   | 454/723 [00:00<00:00, 999.75it/s, Materializing param=model.visual.blocks.2.attn.qkv.weight]
Loading weights:  63%|██████▎   | 455/723 [00:00<00:00, 999.75it/s, Materializing param=model.visual.blocks.2.mlp.linear_fc1.bias]
Loading weights:  63%|██████▎   | 455/723 [00:00<00:00, 999.75it/s, Materializing param=model.visual.blocks.2.mlp.linear_fc1.bias]
Loading weights:  63%|██████▎   | 456/723 [00:00<00:00, 999.75it/s, Materializing param=model.visual.blocks.2.mlp.linear_fc1.weight]
Loading weights:  63%|██████▎   | 456/723 [00:00<00:00, 999.75it/s, Materializing param=model.visual.blocks.2.mlp.linear_fc1.weight]
Loading weights:  63%|██████▎   | 457/723 [00:00<00:00, 999.75it/s, Materializing param=model.visual.blocks.2.mlp.linear_fc2.bias]  
Loading weights:  63%|██████▎   | 457/723 [00:00<00:00, 999.75it/s, Materializing param=model.visual.blocks.2.mlp.linear_fc2.bias]
Loading weights:  63%|██████▎   | 458/723 [00:00<00:00, 999.75it/s, Materializing param=model.visual.blocks.2.mlp.linear_fc2.weight]
Loading weights:  63%|██████▎   | 458/723 [00:00<00:00, 999.75it/s, Materializing param=model.visual.blocks.2.mlp.linear_fc2.weight]
Loading weights:  63%|██████▎   | 459/723 [00:00<00:00, 999.75it/s, Materializing param=model.visual.blocks.2.norm1.bias]           
Loading weights:  63%|██████▎   | 459/723 [00:00<00:00, 999.75it/s, Materializing param=model.visual.blocks.2.norm1.bias]
Loading weights:  64%|██████▎   | 460/723 [00:00<00:00, 999.75it/s, Materializing param=model.visual.blocks.2.norm1.weight]
Loading weights:  64%|██████▎   | 460/723 [00:00<00:00, 999.75it/s, Materializing param=model.visual.blocks.2.norm1.weight]
Loading weights:  64%|██████▍   | 461/723 [00:00<00:00, 999.75it/s, Materializing param=model.visual.blocks.2.norm2.bias]  
Loading weights:  64%|██████▍   | 461/723 [00:00<00:00, 999.75it/s, Materializing param=model.visual.blocks.2.norm2.bias]
Loading weights:  64%|██████▍   | 462/723 [00:00<00:00, 999.75it/s, Materializing param=model.visual.blocks.2.norm2.weight]
Loading weights:  64%|██████▍   | 462/723 [00:00<00:00, 999.75it/s, Materializing param=model.visual.blocks.2.norm2.weight]
Loading weights:  64%|██████▍   | 463/723 [00:00<00:00, 999.75it/s, Materializing param=model.visual.blocks.3.attn.proj.bias]
Loading weights:  64%|██████▍   | 463/723 [00:00<00:00, 999.75it/s, Materializing param=model.visual.blocks.3.attn.proj.bias]
Loading weights:  64%|██████▍   | 464/723 [00:00<00:00, 999.75it/s, Materializing param=model.visual.blocks.3.attn.proj.weight]
Loading weights:  64%|██████▍   | 464/723 [00:00<00:00, 999.75it/s, Materializing param=model.visual.blocks.3.attn.proj.weight]
Loading weights:  64%|██████▍   | 465/723 [00:00<00:00, 999.75it/s, Materializing param=model.visual.blocks.3.attn.qkv.bias]   
Loading weights:  64%|██████▍   | 465/723 [00:00<00:00, 999.75it/s, Materializing param=model.visual.blocks.3.attn.qkv.bias]
Loading weights:  64%|██████▍   | 466/723 [00:00<00:00, 999.75it/s, Materializing param=model.visual.blocks.3.attn.qkv.weight]
Loading weights:  64%|██████▍   | 466/723 [00:00<00:00, 999.75it/s, Materializing param=model.visual.blocks.3.attn.qkv.weight]
Loading weights:  65%|██████▍   | 467/723 [00:00<00:00, 999.75it/s, Materializing param=model.visual.blocks.3.mlp.linear_fc1.bias]
Loading weights:  65%|██████▍   | 467/723 [00:00<00:00, 999.75it/s, Materializing param=model.visual.blocks.3.mlp.linear_fc1.bias]
Loading weights:  65%|██████▍   | 468/723 [00:00<00:00, 999.75it/s, Materializing param=model.visual.blocks.3.mlp.linear_fc1.weight]
Loading weights:  65%|██████▍   | 468/723 [00:00<00:00, 999.75it/s, Materializing param=model.visual.blocks.3.mlp.linear_fc1.weight]
Loading weights:  65%|██████▍   | 469/723 [00:00<00:00, 999.75it/s, Materializing param=model.visual.blocks.3.mlp.linear_fc2.bias]  
Loading weights:  65%|██████▍   | 469/723 [00:00<00:00, 999.75it/s, Materializing param=model.visual.blocks.3.mlp.linear_fc2.bias]
Loading weights:  65%|██████▌   | 470/723 [00:00<00:00, 999.75it/s, Materializing param=model.visual.blocks.3.mlp.linear_fc2.weight]
Loading weights:  65%|██████▌   | 470/723 [00:00<00:00, 999.75it/s, Materializing param=model.visual.blocks.3.mlp.linear_fc2.weight]
Loading weights:  65%|██████▌   | 471/723 [00:00<00:00, 999.75it/s, Materializing param=model.visual.blocks.3.norm1.bias]           
Loading weights:  65%|██████▌   | 471/723 [00:00<00:00, 999.75it/s, Materializing param=model.visual.blocks.3.norm1.bias]
Loading weights:  65%|██████▌   | 472/723 [00:00<00:00, 999.75it/s, Materializing param=model.visual.blocks.3.norm1.weight]
Loading weights:  65%|██████▌   | 472/723 [00:00<00:00, 999.75it/s, Materializing param=model.visual.blocks.3.norm1.weight]
Loading weights:  65%|██████▌   | 473/723 [00:00<00:00, 999.75it/s, Materializing param=model.visual.blocks.3.norm2.bias]  
Loading weights:  65%|██████▌   | 473/723 [00:00<00:00, 999.75it/s, Materializing param=model.visual.blocks.3.norm2.bias]
Loading weights:  66%|██████▌   | 474/723 [00:00<00:00, 999.75it/s, Materializing param=model.visual.blocks.3.norm2.weight]
Loading weights:  66%|██████▌   | 474/723 [00:00<00:00, 999.75it/s, Materializing param=model.visual.blocks.3.norm2.weight]
Loading weights:  66%|██████▌   | 475/723 [00:00<00:00, 999.75it/s, Materializing param=model.visual.blocks.4.attn.proj.bias]
Loading weights:  66%|██████▌   | 475/723 [00:00<00:00, 999.75it/s, Materializing param=model.visual.blocks.4.attn.proj.bias]
Loading weights:  66%|██████▌   | 476/723 [00:00<00:00, 999.75it/s, Materializing param=model.visual.blocks.4.attn.proj.weight]
Loading weights:  66%|██████▌   | 476/723 [00:00<00:00, 999.75it/s, Materializing param=model.visual.blocks.4.attn.proj.weight]
Loading weights:  66%|██████▌   | 477/723 [00:00<00:00, 999.75it/s, Materializing param=model.visual.blocks.4.attn.qkv.bias]   
Loading weights:  66%|██████▌   | 477/723 [00:00<00:00, 999.75it/s, Materializing param=model.visual.blocks.4.attn.qkv.bias]
Loading weights:  66%|██████▌   | 478/723 [00:00<00:00, 999.75it/s, Materializing param=model.visual.blocks.4.attn.qkv.weight]
Loading weights:  66%|██████▌   | 478/723 [00:00<00:00, 999.75it/s, Materializing param=model.visual.blocks.4.attn.qkv.weight]
Loading weights:  66%|██████▋   | 479/723 [00:00<00:00, 999.75it/s, Materializing param=model.visual.blocks.4.mlp.linear_fc1.bias]
Loading weights:  66%|██████▋   | 479/723 [00:00<00:00, 999.75it/s, Materializing param=model.visual.blocks.4.mlp.linear_fc1.bias]
Loading weights:  66%|██████▋   | 480/723 [00:00<00:00, 999.75it/s, Materializing param=model.visual.blocks.4.mlp.linear_fc1.weight]
Loading weights:  66%|██████▋   | 480/723 [00:00<00:00, 999.75it/s, Materializing param=model.visual.blocks.4.mlp.linear_fc1.weight]
Loading weights:  67%|██████▋   | 481/723 [00:00<00:00, 999.75it/s, Materializing param=model.visual.blocks.4.mlp.linear_fc2.bias]  
Loading weights:  67%|██████▋   | 481/723 [00:00<00:00, 999.75it/s, Materializing param=model.visual.blocks.4.mlp.linear_fc2.bias]
Loading weights:  67%|██████▋   | 482/723 [00:00<00:00, 999.75it/s, Materializing param=model.visual.blocks.4.mlp.linear_fc2.weight]
Loading weights:  67%|██████▋   | 482/723 [00:00<00:00, 999.75it/s, Materializing param=model.visual.blocks.4.mlp.linear_fc2.weight]
Loading weights:  67%|██████▋   | 483/723 [00:00<00:00, 999.75it/s, Materializing param=model.visual.blocks.4.norm1.bias]           
Loading weights:  67%|██████▋   | 483/723 [00:00<00:00, 999.75it/s, Materializing param=model.visual.blocks.4.norm1.bias]
Loading weights:  67%|██████▋   | 484/723 [00:00<00:00, 999.75it/s, Materializing param=model.visual.blocks.4.norm1.weight]
Loading weights:  67%|██████▋   | 484/723 [00:00<00:00, 999.75it/s, Materializing param=model.visual.blocks.4.norm1.weight]
Loading weights:  67%|██████▋   | 485/723 [00:00<00:00, 999.75it/s, Materializing param=model.visual.blocks.4.norm2.bias]  
Loading weights:  67%|██████▋   | 485/723 [00:00<00:00, 999.75it/s, Materializing param=model.visual.blocks.4.norm2.bias]
Loading weights:  67%|██████▋   | 486/723 [00:00<00:00, 999.75it/s, Materializing param=model.visual.blocks.4.norm2.weight]
Loading weights:  67%|██████▋   | 486/723 [00:00<00:00, 999.75it/s, Materializing param=model.visual.blocks.4.norm2.weight]
Loading weights:  67%|██████▋   | 487/723 [00:00<00:00, 999.75it/s, Materializing param=model.visual.blocks.5.attn.proj.bias]
Loading weights:  67%|██████▋   | 487/723 [00:00<00:00, 999.75it/s, Materializing param=model.visual.blocks.5.attn.proj.bias]
Loading weights:  67%|██████▋   | 488/723 [00:00<00:00, 999.75it/s, Materializing param=model.visual.blocks.5.attn.proj.weight]
Loading weights:  67%|██████▋   | 488/723 [00:00<00:00, 999.75it/s, Materializing param=model.visual.blocks.5.attn.proj.weight]
Loading weights:  68%|██████▊   | 489/723 [00:00<00:00, 999.75it/s, Materializing param=model.visual.blocks.5.attn.qkv.bias]   
Loading weights:  68%|██████▊   | 489/723 [00:00<00:00, 999.75it/s, Materializing param=model.visual.blocks.5.attn.qkv.bias]
Loading weights:  68%|██████▊   | 490/723 [00:00<00:00, 999.75it/s, Materializing param=model.visual.blocks.5.attn.qkv.weight]
Loading weights:  68%|██████▊   | 490/723 [00:00<00:00, 999.75it/s, Materializing param=model.visual.blocks.5.attn.qkv.weight]
Loading weights:  68%|██████▊   | 491/723 [00:00<00:00, 999.75it/s, Materializing param=model.visual.blocks.5.mlp.linear_fc1.bias]
Loading weights:  68%|██████▊   | 491/723 [00:00<00:00, 999.75it/s, Materializing param=model.visual.blocks.5.mlp.linear_fc1.bias]
Loading weights:  68%|██████▊   | 492/723 [00:00<00:00, 999.75it/s, Materializing param=model.visual.blocks.5.mlp.linear_fc1.weight]
Loading weights:  68%|██████▊   | 492/723 [00:00<00:00, 999.75it/s, Materializing param=model.visual.blocks.5.mlp.linear_fc1.weight]
Loading weights:  68%|██████▊   | 493/723 [00:00<00:00, 999.75it/s, Materializing param=model.visual.blocks.5.mlp.linear_fc2.bias]  
Loading weights:  68%|██████▊   | 493/723 [00:00<00:00, 999.75it/s, Materializing param=model.visual.blocks.5.mlp.linear_fc2.bias]
Loading weights:  68%|██████▊   | 494/723 [00:00<00:00, 999.75it/s, Materializing param=model.visual.blocks.5.mlp.linear_fc2.weight]
Loading weights:  68%|██████▊   | 494/723 [00:00<00:00, 999.75it/s, Materializing param=model.visual.blocks.5.mlp.linear_fc2.weight]
Loading weights:  68%|██████▊   | 495/723 [00:00<00:00, 999.75it/s, Materializing param=model.visual.blocks.5.norm1.bias]           
Loading weights:  68%|██████▊   | 495/723 [00:00<00:00, 999.75it/s, Materializing param=model.visual.blocks.5.norm1.bias]
Loading weights:  69%|██████▊   | 496/723 [00:00<00:00, 999.75it/s, Materializing param=model.visual.blocks.5.norm1.weight]
Loading weights:  69%|██████▊   | 496/723 [00:00<00:00, 999.75it/s, Materializing param=model.visual.blocks.5.norm1.weight]
Loading weights:  69%|██████▊   | 497/723 [00:00<00:00, 999.75it/s, Materializing param=model.visual.blocks.5.norm2.bias]  
Loading weights:  69%|██████▊   | 497/723 [00:00<00:00, 999.75it/s, Materializing param=model.visual.blocks.5.norm2.bias]
Loading weights:  69%|██████▉   | 498/723 [00:00<00:00, 999.75it/s, Materializing param=model.visual.blocks.5.norm2.weight]
Loading weights:  69%|██████▉   | 498/723 [00:00<00:00, 999.75it/s, Materializing param=model.visual.blocks.5.norm2.weight]
Loading weights:  69%|██████▉   | 499/723 [00:00<00:00, 999.75it/s, Materializing param=model.visual.blocks.6.attn.proj.bias]
Loading weights:  69%|██████▉   | 499/723 [00:00<00:00, 999.75it/s, Materializing param=model.visual.blocks.6.attn.proj.bias]
Loading weights:  69%|██████▉   | 500/723 [00:00<00:00, 999.75it/s, Materializing param=model.visual.blocks.6.attn.proj.weight]
Loading weights:  69%|██████▉   | 500/723 [00:00<00:00, 999.75it/s, Materializing param=model.visual.blocks.6.attn.proj.weight]
Loading weights:  69%|██████▉   | 501/723 [00:00<00:00, 999.75it/s, Materializing param=model.visual.blocks.6.attn.qkv.bias]   
Loading weights:  69%|██████▉   | 501/723 [00:00<00:00, 999.75it/s, Materializing param=model.visual.blocks.6.attn.qkv.bias]
Loading weights:  69%|██████▉   | 502/723 [00:00<00:00, 999.75it/s, Materializing param=model.visual.blocks.6.attn.qkv.weight]
Loading weights:  69%|██████▉   | 502/723 [00:00<00:00, 999.75it/s, Materializing param=model.visual.blocks.6.attn.qkv.weight]
Loading weights:  70%|██████▉   | 503/723 [00:00<00:00, 999.75it/s, Materializing param=model.visual.blocks.6.mlp.linear_fc1.bias]
Loading weights:  70%|██████▉   | 503/723 [00:00<00:00, 999.75it/s, Materializing param=model.visual.blocks.6.mlp.linear_fc1.bias]
Loading weights:  70%|██████▉   | 504/723 [00:00<00:00, 999.75it/s, Materializing param=model.visual.blocks.6.mlp.linear_fc1.weight]
Loading weights:  70%|██████▉   | 504/723 [00:00<00:00, 999.75it/s, Materializing param=model.visual.blocks.6.mlp.linear_fc1.weight]
Loading weights:  70%|██████▉   | 505/723 [00:00<00:00, 999.75it/s, Materializing param=model.visual.blocks.6.mlp.linear_fc2.bias]  
Loading weights:  70%|██████▉   | 505/723 [00:00<00:00, 999.75it/s, Materializing param=model.visual.blocks.6.mlp.linear_fc2.bias]
Loading weights:  70%|██████▉   | 506/723 [00:00<00:00, 999.75it/s, Materializing param=model.visual.blocks.6.mlp.linear_fc2.weight]
Loading weights:  70%|██████▉   | 506/723 [00:00<00:00, 999.75it/s, Materializing param=model.visual.blocks.6.mlp.linear_fc2.weight]
Loading weights:  70%|███████   | 507/723 [00:00<00:00, 999.75it/s, Materializing param=model.visual.blocks.6.norm1.bias]           
Loading weights:  70%|███████   | 507/723 [00:00<00:00, 999.75it/s, Materializing param=model.visual.blocks.6.norm1.bias]
Loading weights:  70%|███████   | 508/723 [00:00<00:00, 999.75it/s, Materializing param=model.visual.blocks.6.norm1.weight]
Loading weights:  70%|███████   | 508/723 [00:00<00:00, 999.75it/s, Materializing param=model.visual.blocks.6.norm1.weight]
Loading weights:  70%|███████   | 509/723 [00:00<00:00, 999.75it/s, Materializing param=model.visual.blocks.6.norm2.bias]  
Loading weights:  70%|███████   | 509/723 [00:00<00:00, 999.75it/s, Materializing param=model.visual.blocks.6.norm2.bias]
Loading weights:  71%|███████   | 510/723 [00:00<00:00, 999.75it/s, Materializing param=model.visual.blocks.6.norm2.weight]
Loading weights:  71%|███████   | 510/723 [00:00<00:00, 999.75it/s, Materializing param=model.visual.blocks.6.norm2.weight]
Loading weights:  71%|███████   | 511/723 [00:00<00:00, 999.75it/s, Materializing param=model.visual.blocks.7.attn.proj.bias]
Loading weights:  71%|███████   | 511/723 [00:00<00:00, 999.75it/s, Materializing param=model.visual.blocks.7.attn.proj.bias]
Loading weights:  71%|███████   | 512/723 [00:00<00:00, 999.75it/s, Materializing param=model.visual.blocks.7.attn.proj.weight]
Loading weights:  71%|███████   | 512/723 [00:00<00:00, 999.75it/s, Materializing param=model.visual.blocks.7.attn.proj.weight]
Loading weights:  71%|███████   | 513/723 [00:00<00:00, 999.75it/s, Materializing param=model.visual.blocks.7.attn.qkv.bias]   
Loading weights:  71%|███████   | 513/723 [00:00<00:00, 999.75it/s, Materializing param=model.visual.blocks.7.attn.qkv.bias]
Loading weights:  71%|███████   | 514/723 [00:00<00:00, 999.75it/s, Materializing param=model.visual.blocks.7.attn.qkv.weight]
Loading weights:  71%|███████   | 514/723 [00:00<00:00, 999.75it/s, Materializing param=model.visual.blocks.7.attn.qkv.weight]
Loading weights:  71%|███████   | 515/723 [00:00<00:00, 999.75it/s, Materializing param=model.visual.blocks.7.mlp.linear_fc1.bias]
Loading weights:  71%|███████   | 515/723 [00:00<00:00, 999.75it/s, Materializing param=model.visual.blocks.7.mlp.linear_fc1.bias]
Loading weights:  71%|███████▏  | 516/723 [00:00<00:00, 999.75it/s, Materializing param=model.visual.blocks.7.mlp.linear_fc1.weight]
Loading weights:  71%|███████▏  | 516/723 [00:00<00:00, 999.75it/s, Materializing param=model.visual.blocks.7.mlp.linear_fc1.weight]
Loading weights:  72%|███████▏  | 517/723 [00:00<00:00, 999.75it/s, Materializing param=model.visual.blocks.7.mlp.linear_fc2.bias]  
Loading weights:  72%|███████▏  | 517/723 [00:00<00:00, 999.75it/s, Materializing param=model.visual.blocks.7.mlp.linear_fc2.bias]
Loading weights:  72%|███████▏  | 518/723 [00:00<00:00, 999.75it/s, Materializing param=model.visual.blocks.7.mlp.linear_fc2.weight]
Loading weights:  72%|███████▏  | 518/723 [00:00<00:00, 999.75it/s, Materializing param=model.visual.blocks.7.mlp.linear_fc2.weight]
Loading weights:  72%|███████▏  | 519/723 [00:00<00:00, 999.75it/s, Materializing param=model.visual.blocks.7.norm1.bias]           
Loading weights:  72%|███████▏  | 519/723 [00:00<00:00, 999.75it/s, Materializing param=model.visual.blocks.7.norm1.bias]
Loading weights:  72%|███████▏  | 520/723 [00:00<00:00, 999.75it/s, Materializing param=model.visual.blocks.7.norm1.weight]
Loading weights:  72%|███████▏  | 520/723 [00:00<00:00, 999.75it/s, Materializing param=model.visual.blocks.7.norm1.weight]
Loading weights:  72%|███████▏  | 521/723 [00:00<00:00, 999.75it/s, Materializing param=model.visual.blocks.7.norm2.bias]  
Loading weights:  72%|███████▏  | 521/723 [00:00<00:00, 999.75it/s, Materializing param=model.visual.blocks.7.norm2.bias]
Loading weights:  72%|███████▏  | 522/723 [00:00<00:00, 999.75it/s, Materializing param=model.visual.blocks.7.norm2.weight]
Loading weights:  72%|███████▏  | 522/723 [00:00<00:00, 999.75it/s, Materializing param=model.visual.blocks.7.norm2.weight]
Loading weights:  72%|███████▏  | 523/723 [00:00<00:00, 999.75it/s, Materializing param=model.visual.blocks.8.attn.proj.bias]
Loading weights:  72%|███████▏  | 523/723 [00:00<00:00, 999.75it/s, Materializing param=model.visual.blocks.8.attn.proj.bias]
Loading weights:  72%|███████▏  | 524/723 [00:00<00:00, 999.75it/s, Materializing param=model.visual.blocks.8.attn.proj.weight]
Loading weights:  72%|███████▏  | 524/723 [00:00<00:00, 999.75it/s, Materializing param=model.visual.blocks.8.attn.proj.weight]
Loading weights:  73%|███████▎  | 525/723 [00:00<00:00, 999.75it/s, Materializing param=model.visual.blocks.8.attn.qkv.bias]   
Loading weights:  73%|███████▎  | 525/723 [00:00<00:00, 999.75it/s, Materializing param=model.visual.blocks.8.attn.qkv.bias]
Loading weights:  73%|███████▎  | 526/723 [00:00<00:00, 999.75it/s, Materializing param=model.visual.blocks.8.attn.qkv.weight]
Loading weights:  73%|███████▎  | 526/723 [00:00<00:00, 999.75it/s, Materializing param=model.visual.blocks.8.attn.qkv.weight]
Loading weights:  73%|███████▎  | 527/723 [00:00<00:00, 999.75it/s, Materializing param=model.visual.blocks.8.mlp.linear_fc1.bias]
Loading weights:  73%|███████▎  | 527/723 [00:00<00:00, 999.75it/s, Materializing param=model.visual.blocks.8.mlp.linear_fc1.bias]
Loading weights:  73%|███████▎  | 528/723 [00:00<00:00, 999.75it/s, Materializing param=model.visual.blocks.8.mlp.linear_fc1.weight]
Loading weights:  73%|███████▎  | 528/723 [00:00<00:00, 999.75it/s, Materializing param=model.visual.blocks.8.mlp.linear_fc1.weight]
Loading weights:  73%|███████▎  | 529/723 [00:00<00:00, 999.75it/s, Materializing param=model.visual.blocks.8.mlp.linear_fc2.bias]  
Loading weights:  73%|███████▎  | 529/723 [00:00<00:00, 999.75it/s, Materializing param=model.visual.blocks.8.mlp.linear_fc2.bias]
Loading weights:  73%|███████▎  | 530/723 [00:00<00:00, 999.75it/s, Materializing param=model.visual.blocks.8.mlp.linear_fc2.weight]
Loading weights:  73%|███████▎  | 530/723 [00:00<00:00, 999.75it/s, Materializing param=model.visual.blocks.8.mlp.linear_fc2.weight]
Loading weights:  73%|███████▎  | 531/723 [00:00<00:00, 999.75it/s, Materializing param=model.visual.blocks.8.norm1.bias]           
Loading weights:  73%|███████▎  | 531/723 [00:00<00:00, 999.75it/s, Materializing param=model.visual.blocks.8.norm1.bias]
Loading weights:  74%|███████▎  | 532/723 [00:00<00:00, 999.75it/s, Materializing param=model.visual.blocks.8.norm1.weight]
Loading weights:  74%|███████▎  | 532/723 [00:00<00:00, 999.75it/s, Materializing param=model.visual.blocks.8.norm1.weight]
Loading weights:  74%|███████▎  | 533/723 [00:00<00:00, 999.75it/s, Materializing param=model.visual.blocks.8.norm2.bias]  
Loading weights:  74%|███████▎  | 533/723 [00:00<00:00, 999.75it/s, Materializing param=model.visual.blocks.8.norm2.bias]
Loading weights:  74%|███████▍  | 534/723 [00:00<00:00, 999.75it/s, Materializing param=model.visual.blocks.8.norm2.weight]
Loading weights:  74%|███████▍  | 534/723 [00:00<00:00, 999.75it/s, Materializing param=model.visual.blocks.8.norm2.weight]
Loading weights:  74%|███████▍  | 535/723 [00:00<00:00, 999.75it/s, Materializing param=model.visual.blocks.9.attn.proj.bias]
Loading weights:  74%|███████▍  | 535/723 [00:00<00:00, 999.75it/s, Materializing param=model.visual.blocks.9.attn.proj.bias]
Loading weights:  74%|███████▍  | 536/723 [00:00<00:00, 999.75it/s, Materializing param=model.visual.blocks.9.attn.proj.weight]
Loading weights:  74%|███████▍  | 536/723 [00:00<00:00, 999.75it/s, Materializing param=model.visual.blocks.9.attn.proj.weight]
Loading weights:  74%|███████▍  | 537/723 [00:00<00:00, 999.75it/s, Materializing param=model.visual.blocks.9.attn.qkv.bias]   
Loading weights:  74%|███████▍  | 537/723 [00:00<00:00, 999.75it/s, Materializing param=model.visual.blocks.9.attn.qkv.bias]
Loading weights:  74%|███████▍  | 538/723 [00:00<00:00, 999.75it/s, Materializing param=model.visual.blocks.9.attn.qkv.weight]
Loading weights:  74%|███████▍  | 538/723 [00:00<00:00, 999.75it/s, Materializing param=model.visual.blocks.9.attn.qkv.weight]
Loading weights:  75%|███████▍  | 539/723 [00:00<00:00, 999.75it/s, Materializing param=model.visual.blocks.9.mlp.linear_fc1.bias]
Loading weights:  75%|███████▍  | 539/723 [00:00<00:00, 999.75it/s, Materializing param=model.visual.blocks.9.mlp.linear_fc1.bias]
Loading weights:  75%|███████▍  | 540/723 [00:00<00:00, 999.75it/s, Materializing param=model.visual.blocks.9.mlp.linear_fc1.weight]
Loading weights:  75%|███████▍  | 540/723 [00:00<00:00, 999.75it/s, Materializing param=model.visual.blocks.9.mlp.linear_fc1.weight]
Loading weights:  75%|███████▍  | 541/723 [00:00<00:00, 999.75it/s, Materializing param=model.visual.blocks.9.mlp.linear_fc2.bias]  
Loading weights:  75%|███████▍  | 541/723 [00:00<00:00, 999.75it/s, Materializing param=model.visual.blocks.9.mlp.linear_fc2.bias]
Loading weights:  75%|███████▍  | 542/723 [00:00<00:00, 999.75it/s, Materializing param=model.visual.blocks.9.mlp.linear_fc2.weight]
Loading weights:  75%|███████▍  | 542/723 [00:00<00:00, 999.75it/s, Materializing param=model.visual.blocks.9.mlp.linear_fc2.weight]
Loading weights:  75%|███████▌  | 543/723 [00:00<00:00, 999.75it/s, Materializing param=model.visual.blocks.9.norm1.bias]           
Loading weights:  75%|███████▌  | 543/723 [00:00<00:00, 999.75it/s, Materializing param=model.visual.blocks.9.norm1.bias]
Loading weights:  75%|███████▌  | 544/723 [00:00<00:00, 999.75it/s, Materializing param=model.visual.blocks.9.norm1.weight]
Loading weights:  75%|███████▌  | 544/723 [00:00<00:00, 999.75it/s, Materializing param=model.visual.blocks.9.norm1.weight]
Loading weights:  75%|███████▌  | 545/723 [00:00<00:00, 999.75it/s, Materializing param=model.visual.blocks.9.norm2.bias]  
Loading weights:  75%|███████▌  | 545/723 [00:00<00:00, 999.75it/s, Materializing param=model.visual.blocks.9.norm2.bias]
Loading weights:  76%|███████▌  | 546/723 [00:00<00:00, 999.75it/s, Materializing param=model.visual.blocks.9.norm2.weight]
Loading weights:  76%|███████▌  | 546/723 [00:00<00:00, 999.75it/s, Materializing param=model.visual.blocks.9.norm2.weight]
Loading weights:  76%|███████▌  | 547/723 [00:00<00:00, 999.75it/s, Materializing param=model.visual.blocks.10.attn.proj.bias]
Loading weights:  76%|███████▌  | 547/723 [00:00<00:00, 999.75it/s, Materializing param=model.visual.blocks.10.attn.proj.bias]
Loading weights:  76%|███████▌  | 548/723 [00:00<00:00, 999.75it/s, Materializing param=model.visual.blocks.10.attn.proj.weight]
Loading weights:  76%|███████▌  | 548/723 [00:00<00:00, 999.75it/s, Materializing param=model.visual.blocks.10.attn.proj.weight]
Loading weights:  76%|███████▌  | 549/723 [00:00<00:00, 999.75it/s, Materializing param=model.visual.blocks.10.attn.qkv.bias]   
Loading weights:  76%|███████▌  | 549/723 [00:00<00:00, 999.75it/s, Materializing param=model.visual.blocks.10.attn.qkv.bias]
Loading weights:  76%|███████▌  | 550/723 [00:00<00:00, 999.75it/s, Materializing param=model.visual.blocks.10.attn.qkv.weight]
Loading weights:  76%|███████▌  | 550/723 [00:00<00:00, 999.75it/s, Materializing param=model.visual.blocks.10.attn.qkv.weight]
Loading weights:  76%|███████▌  | 551/723 [00:00<00:00, 999.75it/s, Materializing param=model.visual.blocks.10.mlp.linear_fc1.bias]
Loading weights:  76%|███████▌  | 551/723 [00:00<00:00, 999.75it/s, Materializing param=model.visual.blocks.10.mlp.linear_fc1.bias]
Loading weights:  76%|███████▋  | 552/723 [00:00<00:00, 999.75it/s, Materializing param=model.visual.blocks.10.mlp.linear_fc1.weight]
Loading weights:  76%|███████▋  | 552/723 [00:00<00:00, 999.75it/s, Materializing param=model.visual.blocks.10.mlp.linear_fc1.weight]
Loading weights:  76%|███████▋  | 553/723 [00:00<00:00, 999.75it/s, Materializing param=model.visual.blocks.10.mlp.linear_fc2.bias]  
Loading weights:  76%|███████▋  | 553/723 [00:00<00:00, 999.75it/s, Materializing param=model.visual.blocks.10.mlp.linear_fc2.bias]
Loading weights:  77%|███████▋  | 554/723 [00:00<00:00, 999.75it/s, Materializing param=model.visual.blocks.10.mlp.linear_fc2.weight]
Loading weights:  77%|███████▋  | 554/723 [00:00<00:00, 999.75it/s, Materializing param=model.visual.blocks.10.mlp.linear_fc2.weight]
Loading weights:  77%|███████▋  | 555/723 [00:00<00:00, 999.75it/s, Materializing param=model.visual.blocks.10.norm1.bias]           
Loading weights:  77%|███████▋  | 555/723 [00:00<00:00, 999.75it/s, Materializing param=model.visual.blocks.10.norm1.bias]
Loading weights:  77%|███████▋  | 556/723 [00:00<00:00, 999.75it/s, Materializing param=model.visual.blocks.10.norm1.weight]
Loading weights:  77%|███████▋  | 556/723 [00:00<00:00, 999.75it/s, Materializing param=model.visual.blocks.10.norm1.weight]
Loading weights:  77%|███████▋  | 557/723 [00:00<00:00, 999.75it/s, Materializing param=model.visual.blocks.10.norm2.bias]  
Loading weights:  77%|███████▋  | 557/723 [00:00<00:00, 999.75it/s, Materializing param=model.visual.blocks.10.norm2.bias]
Loading weights:  77%|███████▋  | 558/723 [00:00<00:00, 999.75it/s, Materializing param=model.visual.blocks.10.norm2.weight]
Loading weights:  77%|███████▋  | 558/723 [00:00<00:00, 999.75it/s, Materializing param=model.visual.blocks.10.norm2.weight]
Loading weights:  77%|███████▋  | 559/723 [00:00<00:00, 999.75it/s, Materializing param=model.visual.blocks.11.attn.proj.bias]
Loading weights:  77%|███████▋  | 559/723 [00:00<00:00, 999.75it/s, Materializing param=model.visual.blocks.11.attn.proj.bias]
Loading weights:  77%|███████▋  | 560/723 [00:00<00:00, 999.75it/s, Materializing param=model.visual.blocks.11.attn.proj.weight]
Loading weights:  77%|███████▋  | 560/723 [00:00<00:00, 999.75it/s, Materializing param=model.visual.blocks.11.attn.proj.weight]
Loading weights:  78%|███████▊  | 561/723 [00:00<00:00, 999.75it/s, Materializing param=model.visual.blocks.11.attn.qkv.bias]   
Loading weights:  78%|███████▊  | 561/723 [00:00<00:00, 999.75it/s, Materializing param=model.visual.blocks.11.attn.qkv.bias]
Loading weights:  78%|███████▊  | 562/723 [00:00<00:00, 999.75it/s, Materializing param=model.visual.blocks.11.attn.qkv.weight]
Loading weights:  78%|███████▊  | 562/723 [00:00<00:00, 999.75it/s, Materializing param=model.visual.blocks.11.attn.qkv.weight]
Loading weights:  78%|███████▊  | 563/723 [00:00<00:00, 999.75it/s, Materializing param=model.visual.blocks.11.mlp.linear_fc1.bias]
Loading weights:  78%|███████▊  | 563/723 [00:00<00:00, 999.75it/s, Materializing param=model.visual.blocks.11.mlp.linear_fc1.bias]
Loading weights:  78%|███████▊  | 564/723 [00:00<00:00, 999.75it/s, Materializing param=model.visual.blocks.11.mlp.linear_fc1.weight]
Loading weights:  78%|███████▊  | 564/723 [00:00<00:00, 999.75it/s, Materializing param=model.visual.blocks.11.mlp.linear_fc1.weight]
Loading weights:  78%|███████▊  | 565/723 [00:00<00:00, 999.75it/s, Materializing param=model.visual.blocks.11.mlp.linear_fc2.bias]  
Loading weights:  78%|███████▊  | 565/723 [00:00<00:00, 999.75it/s, Materializing param=model.visual.blocks.11.mlp.linear_fc2.bias]
Loading weights:  78%|███████▊  | 566/723 [00:00<00:00, 999.75it/s, Materializing param=model.visual.blocks.11.mlp.linear_fc2.weight]
Loading weights:  78%|███████▊  | 566/723 [00:00<00:00, 999.75it/s, Materializing param=model.visual.blocks.11.mlp.linear_fc2.weight]
Loading weights:  78%|███████▊  | 567/723 [00:00<00:00, 999.75it/s, Materializing param=model.visual.blocks.11.norm1.bias]           
Loading weights:  78%|███████▊  | 567/723 [00:00<00:00, 999.75it/s, Materializing param=model.visual.blocks.11.norm1.bias]
Loading weights:  79%|███████▊  | 568/723 [00:00<00:00, 999.75it/s, Materializing param=model.visual.blocks.11.norm1.weight]
Loading weights:  79%|███████▊  | 568/723 [00:00<00:00, 999.75it/s, Materializing param=model.visual.blocks.11.norm1.weight]
Loading weights:  79%|███████▊  | 569/723 [00:00<00:00, 999.75it/s, Materializing param=model.visual.blocks.11.norm2.bias]  
Loading weights:  79%|███████▊  | 569/723 [00:00<00:00, 999.75it/s, Materializing param=model.visual.blocks.11.norm2.bias]
Loading weights:  79%|███████▉  | 570/723 [00:00<00:00, 999.75it/s, Materializing param=model.visual.blocks.11.norm2.weight]
Loading weights:  79%|███████▉  | 570/723 [00:00<00:00, 999.75it/s, Materializing param=model.visual.blocks.11.norm2.weight]
Loading weights:  79%|███████▉  | 571/723 [00:00<00:00, 999.75it/s, Materializing param=model.visual.blocks.12.attn.proj.bias]
Loading weights:  79%|███████▉  | 571/723 [00:00<00:00, 999.75it/s, Materializing param=model.visual.blocks.12.attn.proj.bias]
Loading weights:  79%|███████▉  | 572/723 [00:00<00:00, 999.75it/s, Materializing param=model.visual.blocks.12.attn.proj.weight]
Loading weights:  79%|███████▉  | 572/723 [00:00<00:00, 999.75it/s, Materializing param=model.visual.blocks.12.attn.proj.weight]
Loading weights:  79%|███████▉  | 573/723 [00:00<00:00, 999.75it/s, Materializing param=model.visual.blocks.12.attn.qkv.bias]   
Loading weights:  79%|███████▉  | 573/723 [00:00<00:00, 999.75it/s, Materializing param=model.visual.blocks.12.attn.qkv.bias]
Loading weights:  79%|███████▉  | 574/723 [00:00<00:00, 999.75it/s, Materializing param=model.visual.blocks.12.attn.qkv.weight]
Loading weights:  79%|███████▉  | 574/723 [00:00<00:00, 999.75it/s, Materializing param=model.visual.blocks.12.attn.qkv.weight]
Loading weights:  80%|███████▉  | 575/723 [00:00<00:00, 999.75it/s, Materializing param=model.visual.blocks.12.mlp.linear_fc1.bias]
Loading weights:  80%|███████▉  | 575/723 [00:00<00:00, 999.75it/s, Materializing param=model.visual.blocks.12.mlp.linear_fc1.bias]
Loading weights:  80%|███████▉  | 576/723 [00:00<00:00, 999.75it/s, Materializing param=model.visual.blocks.12.mlp.linear_fc1.weight]
Loading weights:  80%|███████▉  | 576/723 [00:00<00:00, 999.75it/s, Materializing param=model.visual.blocks.12.mlp.linear_fc1.weight]
Loading weights:  80%|███████▉  | 577/723 [00:00<00:00, 999.75it/s, Materializing param=model.visual.blocks.12.mlp.linear_fc2.bias]  
Loading weights:  80%|███████▉  | 577/723 [00:00<00:00, 999.75it/s, Materializing param=model.visual.blocks.12.mlp.linear_fc2.bias]
Loading weights:  80%|███████▉  | 578/723 [00:00<00:00, 999.75it/s, Materializing param=model.visual.blocks.12.mlp.linear_fc2.weight]
Loading weights:  80%|███████▉  | 578/723 [00:00<00:00, 999.75it/s, Materializing param=model.visual.blocks.12.mlp.linear_fc2.weight]
Loading weights:  80%|████████  | 579/723 [00:00<00:00, 999.75it/s, Materializing param=model.visual.blocks.12.norm1.bias]           
Loading weights:  80%|████████  | 579/723 [00:00<00:00, 999.75it/s, Materializing param=model.visual.blocks.12.norm1.bias]
Loading weights:  80%|████████  | 580/723 [00:00<00:00, 999.75it/s, Materializing param=model.visual.blocks.12.norm1.weight]
Loading weights:  80%|████████  | 580/723 [00:00<00:00, 999.75it/s, Materializing param=model.visual.blocks.12.norm1.weight]
Loading weights:  80%|████████  | 581/723 [00:00<00:00, 999.75it/s, Materializing param=model.visual.blocks.12.norm2.bias]  
Loading weights:  80%|████████  | 581/723 [00:00<00:00, 999.75it/s, Materializing param=model.visual.blocks.12.norm2.bias]
Loading weights:  80%|████████  | 582/723 [00:00<00:00, 999.75it/s, Materializing param=model.visual.blocks.12.norm2.weight]
Loading weights:  80%|████████  | 582/723 [00:00<00:00, 999.75it/s, Materializing param=model.visual.blocks.12.norm2.weight]
Loading weights:  81%|████████  | 583/723 [00:00<00:00, 999.75it/s, Materializing param=model.visual.blocks.13.attn.proj.bias]
Loading weights:  81%|████████  | 583/723 [00:00<00:00, 999.75it/s, Materializing param=model.visual.blocks.13.attn.proj.bias]
Loading weights:  81%|████████  | 584/723 [00:00<00:00, 999.75it/s, Materializing param=model.visual.blocks.13.attn.proj.weight]
Loading weights:  81%|████████  | 584/723 [00:00<00:00, 999.75it/s, Materializing param=model.visual.blocks.13.attn.proj.weight]
Loading weights:  81%|████████  | 585/723 [00:00<00:00, 999.75it/s, Materializing param=model.visual.blocks.13.attn.qkv.bias]   
Loading weights:  81%|████████  | 585/723 [00:00<00:00, 999.75it/s, Materializing param=model.visual.blocks.13.attn.qkv.bias]
Loading weights:  81%|████████  | 586/723 [00:00<00:00, 999.75it/s, Materializing param=model.visual.blocks.13.attn.qkv.weight]
Loading weights:  81%|████████  | 586/723 [00:00<00:00, 999.75it/s, Materializing param=model.visual.blocks.13.attn.qkv.weight]
Loading weights:  81%|████████  | 587/723 [00:00<00:00, 999.75it/s, Materializing param=model.visual.blocks.13.mlp.linear_fc1.bias]
Loading weights:  81%|████████  | 587/723 [00:00<00:00, 999.75it/s, Materializing param=model.visual.blocks.13.mlp.linear_fc1.bias]
Loading weights:  81%|████████▏ | 588/723 [00:00<00:00, 999.75it/s, Materializing param=model.visual.blocks.13.mlp.linear_fc1.weight]
Loading weights:  81%|████████▏ | 588/723 [00:00<00:00, 999.75it/s, Materializing param=model.visual.blocks.13.mlp.linear_fc1.weight]
Loading weights:  81%|████████▏ | 589/723 [00:00<00:00, 999.75it/s, Materializing param=model.visual.blocks.13.mlp.linear_fc2.bias]  
Loading weights:  81%|████████▏ | 589/723 [00:00<00:00, 999.75it/s, Materializing param=model.visual.blocks.13.mlp.linear_fc2.bias]
Loading weights:  82%|████████▏ | 590/723 [00:00<00:00, 999.75it/s, Materializing param=model.visual.blocks.13.mlp.linear_fc2.weight]
Loading weights:  82%|████████▏ | 590/723 [00:00<00:00, 999.75it/s, Materializing param=model.visual.blocks.13.mlp.linear_fc2.weight]
Loading weights:  82%|████████▏ | 591/723 [00:00<00:00, 999.75it/s, Materializing param=model.visual.blocks.13.norm1.bias]           
Loading weights:  82%|████████▏ | 591/723 [00:00<00:00, 999.75it/s, Materializing param=model.visual.blocks.13.norm1.bias]
Loading weights:  82%|████████▏ | 592/723 [00:00<00:00, 999.75it/s, Materializing param=model.visual.blocks.13.norm1.weight]
Loading weights:  82%|████████▏ | 592/723 [00:00<00:00, 999.75it/s, Materializing param=model.visual.blocks.13.norm1.weight]
Loading weights:  82%|████████▏ | 593/723 [00:00<00:00, 999.75it/s, Materializing param=model.visual.blocks.13.norm2.bias]  
Loading weights:  82%|████████▏ | 593/723 [00:00<00:00, 999.75it/s, Materializing param=model.visual.blocks.13.norm2.bias]
Loading weights:  82%|████████▏ | 594/723 [00:00<00:00, 999.75it/s, Materializing param=model.visual.blocks.13.norm2.weight]
Loading weights:  82%|████████▏ | 594/723 [00:00<00:00, 999.75it/s, Materializing param=model.visual.blocks.13.norm2.weight]
Loading weights:  82%|████████▏ | 595/723 [00:00<00:00, 999.75it/s, Materializing param=model.visual.blocks.14.attn.proj.bias]
Loading weights:  82%|████████▏ | 595/723 [00:00<00:00, 999.75it/s, Materializing param=model.visual.blocks.14.attn.proj.bias]
Loading weights:  82%|████████▏ | 596/723 [00:00<00:00, 999.75it/s, Materializing param=model.visual.blocks.14.attn.proj.weight]
Loading weights:  82%|████████▏ | 596/723 [00:00<00:00, 999.75it/s, Materializing param=model.visual.blocks.14.attn.proj.weight]
Loading weights:  83%|████████▎ | 597/723 [00:00<00:00, 999.75it/s, Materializing param=model.visual.blocks.14.attn.qkv.bias]   
Loading weights:  83%|████████▎ | 597/723 [00:00<00:00, 999.75it/s, Materializing param=model.visual.blocks.14.attn.qkv.bias]
Loading weights:  83%|████████▎ | 598/723 [00:00<00:00, 999.75it/s, Materializing param=model.visual.blocks.14.attn.qkv.weight]
Loading weights:  83%|████████▎ | 598/723 [00:00<00:00, 999.75it/s, Materializing param=model.visual.blocks.14.attn.qkv.weight]
Loading weights:  83%|████████▎ | 599/723 [00:00<00:00, 999.75it/s, Materializing param=model.visual.blocks.14.mlp.linear_fc1.bias]
Loading weights:  83%|████████▎ | 599/723 [00:00<00:00, 999.75it/s, Materializing param=model.visual.blocks.14.mlp.linear_fc1.bias]
Loading weights:  83%|████████▎ | 600/723 [00:00<00:00, 999.75it/s, Materializing param=model.visual.blocks.14.mlp.linear_fc1.weight]
Loading weights:  83%|████████▎ | 600/723 [00:00<00:00, 999.75it/s, Materializing param=model.visual.blocks.14.mlp.linear_fc1.weight]
Loading weights:  83%|████████▎ | 601/723 [00:00<00:00, 999.75it/s, Materializing param=model.visual.blocks.14.mlp.linear_fc2.bias]  
Loading weights:  83%|████████▎ | 601/723 [00:00<00:00, 999.75it/s, Materializing param=model.visual.blocks.14.mlp.linear_fc2.bias]
Loading weights:  83%|████████▎ | 602/723 [00:00<00:00, 999.75it/s, Materializing param=model.visual.blocks.14.mlp.linear_fc2.weight]
Loading weights:  83%|████████▎ | 602/723 [00:00<00:00, 999.75it/s, Materializing param=model.visual.blocks.14.mlp.linear_fc2.weight]
Loading weights:  83%|████████▎ | 603/723 [00:00<00:00, 999.75it/s, Materializing param=model.visual.blocks.14.norm1.bias]           
Loading weights:  83%|████████▎ | 603/723 [00:00<00:00, 999.75it/s, Materializing param=model.visual.blocks.14.norm1.bias]
Loading weights:  84%|████████▎ | 604/723 [00:00<00:00, 999.75it/s, Materializing param=model.visual.blocks.14.norm1.weight]
Loading weights:  84%|████████▎ | 604/723 [00:00<00:00, 999.75it/s, Materializing param=model.visual.blocks.14.norm1.weight]
Loading weights:  84%|████████▎ | 605/723 [00:00<00:00, 999.75it/s, Materializing param=model.visual.blocks.14.norm2.bias]  
Loading weights:  84%|████████▎ | 605/723 [00:00<00:00, 999.75it/s, Materializing param=model.visual.blocks.14.norm2.bias]
Loading weights:  84%|████████▍ | 606/723 [00:00<00:00, 999.75it/s, Materializing param=model.visual.blocks.14.norm2.weight]
Loading weights:  84%|████████▍ | 606/723 [00:00<00:00, 999.75it/s, Materializing param=model.visual.blocks.14.norm2.weight]
Loading weights:  84%|████████▍ | 607/723 [00:00<00:00, 999.75it/s, Materializing param=model.visual.blocks.15.attn.proj.bias]
Loading weights:  84%|████████▍ | 607/723 [00:00<00:00, 999.75it/s, Materializing param=model.visual.blocks.15.attn.proj.bias]
Loading weights:  84%|████████▍ | 608/723 [00:00<00:00, 999.75it/s, Materializing param=model.visual.blocks.15.attn.proj.weight]
Loading weights:  84%|████████▍ | 608/723 [00:00<00:00, 999.75it/s, Materializing param=model.visual.blocks.15.attn.proj.weight]
Loading weights:  84%|████████▍ | 609/723 [00:00<00:00, 999.75it/s, Materializing param=model.visual.blocks.15.attn.qkv.bias]   
Loading weights:  84%|████████▍ | 609/723 [00:00<00:00, 999.75it/s, Materializing param=model.visual.blocks.15.attn.qkv.bias]
Loading weights:  84%|████████▍ | 610/723 [00:00<00:00, 999.75it/s, Materializing param=model.visual.blocks.15.attn.qkv.weight]
Loading weights:  84%|████████▍ | 610/723 [00:00<00:00, 999.75it/s, Materializing param=model.visual.blocks.15.attn.qkv.weight]
Loading weights:  85%|████████▍ | 611/723 [00:00<00:00, 999.75it/s, Materializing param=model.visual.blocks.15.mlp.linear_fc1.bias]
Loading weights:  85%|████████▍ | 611/723 [00:00<00:00, 999.75it/s, Materializing param=model.visual.blocks.15.mlp.linear_fc1.bias]
Loading weights:  85%|████████▍ | 612/723 [00:00<00:00, 999.75it/s, Materializing param=model.visual.blocks.15.mlp.linear_fc1.weight]
Loading weights:  85%|████████▍ | 612/723 [00:00<00:00, 999.75it/s, Materializing param=model.visual.blocks.15.mlp.linear_fc1.weight]
Loading weights:  85%|████████▍ | 613/723 [00:00<00:00, 999.75it/s, Materializing param=model.visual.blocks.15.mlp.linear_fc2.bias]  
Loading weights:  85%|████████▍ | 613/723 [00:00<00:00, 999.75it/s, Materializing param=model.visual.blocks.15.mlp.linear_fc2.bias]
Loading weights:  85%|████████▍ | 614/723 [00:00<00:00, 999.75it/s, Materializing param=model.visual.blocks.15.mlp.linear_fc2.weight]
Loading weights:  85%|████████▍ | 614/723 [00:00<00:00, 999.75it/s, Materializing param=model.visual.blocks.15.mlp.linear_fc2.weight]
Loading weights:  85%|████████▌ | 615/723 [00:00<00:00, 999.75it/s, Materializing param=model.visual.blocks.15.norm1.bias]           
Loading weights:  85%|████████▌ | 615/723 [00:00<00:00, 999.75it/s, Materializing param=model.visual.blocks.15.norm1.bias]
Loading weights:  85%|████████▌ | 616/723 [00:00<00:00, 999.75it/s, Materializing param=model.visual.blocks.15.norm1.weight]
Loading weights:  85%|████████▌ | 616/723 [00:00<00:00, 999.75it/s, Materializing param=model.visual.blocks.15.norm1.weight]
Loading weights:  85%|████████▌ | 617/723 [00:00<00:00, 999.75it/s, Materializing param=model.visual.blocks.15.norm2.bias]  
Loading weights:  85%|████████▌ | 617/723 [00:00<00:00, 999.75it/s, Materializing param=model.visual.blocks.15.norm2.bias]
Loading weights:  85%|████████▌ | 618/723 [00:00<00:00, 999.75it/s, Materializing param=model.visual.blocks.15.norm2.weight]
Loading weights:  85%|████████▌ | 618/723 [00:00<00:00, 999.75it/s, Materializing param=model.visual.blocks.15.norm2.weight]
Loading weights:  86%|████████▌ | 619/723 [00:00<00:00, 999.75it/s, Materializing param=model.visual.blocks.16.attn.proj.bias]
Loading weights:  86%|████████▌ | 619/723 [00:00<00:00, 999.75it/s, Materializing param=model.visual.blocks.16.attn.proj.bias]
Loading weights:  86%|████████▌ | 620/723 [00:00<00:00, 999.75it/s, Materializing param=model.visual.blocks.16.attn.proj.weight]
Loading weights:  86%|████████▌ | 620/723 [00:00<00:00, 999.75it/s, Materializing param=model.visual.blocks.16.attn.proj.weight]
Loading weights:  86%|████████▌ | 621/723 [00:00<00:00, 999.75it/s, Materializing param=model.visual.blocks.16.attn.qkv.bias]   
Loading weights:  86%|████████▌ | 621/723 [00:00<00:00, 999.75it/s, Materializing param=model.visual.blocks.16.attn.qkv.bias]
Loading weights:  86%|████████▌ | 622/723 [00:00<00:00, 999.75it/s, Materializing param=model.visual.blocks.16.attn.qkv.weight]
Loading weights:  86%|████████▌ | 622/723 [00:00<00:00, 999.75it/s, Materializing param=model.visual.blocks.16.attn.qkv.weight]
Loading weights:  86%|████████▌ | 623/723 [00:00<00:00, 999.75it/s, Materializing param=model.visual.blocks.16.mlp.linear_fc1.bias]
Loading weights:  86%|████████▌ | 623/723 [00:00<00:00, 999.75it/s, Materializing param=model.visual.blocks.16.mlp.linear_fc1.bias]
Loading weights:  86%|████████▋ | 624/723 [00:00<00:00, 999.75it/s, Materializing param=model.visual.blocks.16.mlp.linear_fc1.weight]
Loading weights:  86%|████████▋ | 624/723 [00:00<00:00, 999.75it/s, Materializing param=model.visual.blocks.16.mlp.linear_fc1.weight]
Loading weights:  86%|████████▋ | 625/723 [00:00<00:00, 999.75it/s, Materializing param=model.visual.blocks.16.mlp.linear_fc2.bias]  
Loading weights:  86%|████████▋ | 625/723 [00:00<00:00, 999.75it/s, Materializing param=model.visual.blocks.16.mlp.linear_fc2.bias]
Loading weights:  87%|████████▋ | 626/723 [00:00<00:00, 999.75it/s, Materializing param=model.visual.blocks.16.mlp.linear_fc2.weight]
Loading weights:  87%|████████▋ | 626/723 [00:00<00:00, 999.75it/s, Materializing param=model.visual.blocks.16.mlp.linear_fc2.weight]
Loading weights:  87%|████████▋ | 627/723 [00:00<00:00, 999.75it/s, Materializing param=model.visual.blocks.16.norm1.bias]           
Loading weights:  87%|████████▋ | 627/723 [00:00<00:00, 999.75it/s, Materializing param=model.visual.blocks.16.norm1.bias]
Loading weights:  87%|████████▋ | 628/723 [00:00<00:00, 999.75it/s, Materializing param=model.visual.blocks.16.norm1.weight]
Loading weights:  87%|████████▋ | 628/723 [00:00<00:00, 999.75it/s, Materializing param=model.visual.blocks.16.norm1.weight]
Loading weights:  87%|████████▋ | 629/723 [00:00<00:00, 999.75it/s, Materializing param=model.visual.blocks.16.norm2.bias]  
Loading weights:  87%|████████▋ | 629/723 [00:00<00:00, 999.75it/s, Materializing param=model.visual.blocks.16.norm2.bias]
Loading weights:  87%|████████▋ | 630/723 [00:00<00:00, 999.75it/s, Materializing param=model.visual.blocks.16.norm2.weight]
Loading weights:  87%|████████▋ | 630/723 [00:00<00:00, 999.75it/s, Materializing param=model.visual.blocks.16.norm2.weight]
Loading weights:  87%|████████▋ | 631/723 [00:00<00:00, 999.75it/s, Materializing param=model.visual.blocks.17.attn.proj.bias]
Loading weights:  87%|████████▋ | 631/723 [00:00<00:00, 999.75it/s, Materializing param=model.visual.blocks.17.attn.proj.bias]
Loading weights:  87%|████████▋ | 632/723 [00:00<00:00, 999.75it/s, Materializing param=model.visual.blocks.17.attn.proj.weight]
Loading weights:  87%|████████▋ | 632/723 [00:00<00:00, 999.75it/s, Materializing param=model.visual.blocks.17.attn.proj.weight]
Loading weights:  88%|████████▊ | 633/723 [00:00<00:00, 999.75it/s, Materializing param=model.visual.blocks.17.attn.qkv.bias]   
Loading weights:  88%|████████▊ | 633/723 [00:00<00:00, 999.75it/s, Materializing param=model.visual.blocks.17.attn.qkv.bias]
Loading weights:  88%|████████▊ | 634/723 [00:00<00:00, 999.75it/s, Materializing param=model.visual.blocks.17.attn.qkv.weight]
Loading weights:  88%|████████▊ | 634/723 [00:00<00:00, 999.75it/s, Materializing param=model.visual.blocks.17.attn.qkv.weight]
Loading weights:  88%|████████▊ | 635/723 [00:00<00:00, 999.75it/s, Materializing param=model.visual.blocks.17.mlp.linear_fc1.bias]
Loading weights:  88%|████████▊ | 635/723 [00:00<00:00, 999.75it/s, Materializing param=model.visual.blocks.17.mlp.linear_fc1.bias]
Loading weights:  88%|████████▊ | 636/723 [00:00<00:00, 999.75it/s, Materializing param=model.visual.blocks.17.mlp.linear_fc1.weight]
Loading weights:  88%|████████▊ | 636/723 [00:00<00:00, 999.75it/s, Materializing param=model.visual.blocks.17.mlp.linear_fc1.weight]
Loading weights:  88%|████████▊ | 637/723 [00:00<00:00, 999.75it/s, Materializing param=model.visual.blocks.17.mlp.linear_fc2.bias]  
Loading weights:  88%|████████▊ | 637/723 [00:00<00:00, 999.75it/s, Materializing param=model.visual.blocks.17.mlp.linear_fc2.bias]
Loading weights:  88%|████████▊ | 638/723 [00:00<00:00, 999.75it/s, Materializing param=model.visual.blocks.17.mlp.linear_fc2.weight]
Loading weights:  88%|████████▊ | 638/723 [00:00<00:00, 999.75it/s, Materializing param=model.visual.blocks.17.mlp.linear_fc2.weight]
Loading weights:  88%|████████▊ | 639/723 [00:00<00:00, 999.75it/s, Materializing param=model.visual.blocks.17.norm1.bias]           
Loading weights:  88%|████████▊ | 639/723 [00:00<00:00, 999.75it/s, Materializing param=model.visual.blocks.17.norm1.bias]
Loading weights:  89%|████████▊ | 640/723 [00:00<00:00, 999.75it/s, Materializing param=model.visual.blocks.17.norm1.weight]
Loading weights:  89%|████████▊ | 640/723 [00:00<00:00, 999.75it/s, Materializing param=model.visual.blocks.17.norm1.weight]
Loading weights:  89%|████████▊ | 641/723 [00:00<00:00, 999.75it/s, Materializing param=model.visual.blocks.17.norm2.bias]  
Loading weights:  89%|████████▊ | 641/723 [00:00<00:00, 999.75it/s, Materializing param=model.visual.blocks.17.norm2.bias]
Loading weights:  89%|████████▉ | 642/723 [00:00<00:00, 999.75it/s, Materializing param=model.visual.blocks.17.norm2.weight]
Loading weights:  89%|████████▉ | 642/723 [00:00<00:00, 999.75it/s, Materializing param=model.visual.blocks.17.norm2.weight]
Loading weights:  89%|████████▉ | 643/723 [00:00<00:00, 999.75it/s, Materializing param=model.visual.blocks.18.attn.proj.bias]
Loading weights:  89%|████████▉ | 643/723 [00:00<00:00, 999.75it/s, Materializing param=model.visual.blocks.18.attn.proj.bias]
Loading weights:  89%|████████▉ | 644/723 [00:00<00:00, 999.75it/s, Materializing param=model.visual.blocks.18.attn.proj.weight]
Loading weights:  89%|████████▉ | 644/723 [00:00<00:00, 999.75it/s, Materializing param=model.visual.blocks.18.attn.proj.weight]
Loading weights:  89%|████████▉ | 645/723 [00:00<00:00, 999.75it/s, Materializing param=model.visual.blocks.18.attn.qkv.bias]   
Loading weights:  89%|████████▉ | 645/723 [00:00<00:00, 999.75it/s, Materializing param=model.visual.blocks.18.attn.qkv.bias]
Loading weights:  89%|████████▉ | 646/723 [00:00<00:00, 999.75it/s, Materializing param=model.visual.blocks.18.attn.qkv.weight]
Loading weights:  89%|████████▉ | 646/723 [00:00<00:00, 999.75it/s, Materializing param=model.visual.blocks.18.attn.qkv.weight]
Loading weights:  89%|████████▉ | 647/723 [00:00<00:00, 999.75it/s, Materializing param=model.visual.blocks.18.mlp.linear_fc1.bias]
Loading weights:  89%|████████▉ | 647/723 [00:00<00:00, 999.75it/s, Materializing param=model.visual.blocks.18.mlp.linear_fc1.bias]
Loading weights:  90%|████████▉ | 648/723 [00:00<00:00, 999.75it/s, Materializing param=model.visual.blocks.18.mlp.linear_fc1.weight]
Loading weights:  90%|████████▉ | 648/723 [00:00<00:00, 999.75it/s, Materializing param=model.visual.blocks.18.mlp.linear_fc1.weight]
Loading weights:  90%|████████▉ | 649/723 [00:00<00:00, 999.75it/s, Materializing param=model.visual.blocks.18.mlp.linear_fc2.bias]  
Loading weights:  90%|████████▉ | 649/723 [00:00<00:00, 999.75it/s, Materializing param=model.visual.blocks.18.mlp.linear_fc2.bias]
Loading weights:  90%|████████▉ | 650/723 [00:00<00:00, 999.75it/s, Materializing param=model.visual.blocks.18.mlp.linear_fc2.weight]
Loading weights:  90%|████████▉ | 650/723 [00:00<00:00, 999.75it/s, Materializing param=model.visual.blocks.18.mlp.linear_fc2.weight]
Loading weights:  90%|█████████ | 651/723 [00:00<00:00, 999.75it/s, Materializing param=model.visual.blocks.18.norm1.bias]           
Loading weights:  90%|█████████ | 651/723 [00:00<00:00, 999.75it/s, Materializing param=model.visual.blocks.18.norm1.bias]
Loading weights:  90%|█████████ | 652/723 [00:00<00:00, 999.75it/s, Materializing param=model.visual.blocks.18.norm1.weight]
Loading weights:  90%|█████████ | 652/723 [00:00<00:00, 999.75it/s, Materializing param=model.visual.blocks.18.norm1.weight]
Loading weights:  90%|█████████ | 653/723 [00:00<00:00, 999.75it/s, Materializing param=model.visual.blocks.18.norm2.bias]  
Loading weights:  90%|█████████ | 653/723 [00:00<00:00, 999.75it/s, Materializing param=model.visual.blocks.18.norm2.bias]
Loading weights:  90%|█████████ | 654/723 [00:00<00:00, 999.75it/s, Materializing param=model.visual.blocks.18.norm2.weight]
Loading weights:  90%|█████████ | 654/723 [00:00<00:00, 999.75it/s, Materializing param=model.visual.blocks.18.norm2.weight]
Loading weights:  91%|█████████ | 655/723 [00:00<00:00, 999.75it/s, Materializing param=model.visual.blocks.19.attn.proj.bias]
Loading weights:  91%|█████████ | 655/723 [00:00<00:00, 999.75it/s, Materializing param=model.visual.blocks.19.attn.proj.bias]
Loading weights:  91%|█████████ | 656/723 [00:00<00:00, 999.75it/s, Materializing param=model.visual.blocks.19.attn.proj.weight]
Loading weights:  91%|█████████ | 656/723 [00:00<00:00, 999.75it/s, Materializing param=model.visual.blocks.19.attn.proj.weight]
Loading weights:  91%|█████████ | 657/723 [00:00<00:00, 999.75it/s, Materializing param=model.visual.blocks.19.attn.qkv.bias]   
Loading weights:  91%|█████████ | 657/723 [00:00<00:00, 999.75it/s, Materializing param=model.visual.blocks.19.attn.qkv.bias]
Loading weights:  91%|█████████ | 658/723 [00:00<00:00, 999.75it/s, Materializing param=model.visual.blocks.19.attn.qkv.weight]
Loading weights:  91%|█████████ | 658/723 [00:00<00:00, 999.75it/s, Materializing param=model.visual.blocks.19.attn.qkv.weight]
Loading weights:  91%|█████████ | 659/723 [00:00<00:00, 999.75it/s, Materializing param=model.visual.blocks.19.mlp.linear_fc1.bias]
Loading weights:  91%|█████████ | 659/723 [00:00<00:00, 999.75it/s, Materializing param=model.visual.blocks.19.mlp.linear_fc1.bias]
Loading weights:  91%|█████████▏| 660/723 [00:00<00:00, 999.75it/s, Materializing param=model.visual.blocks.19.mlp.linear_fc1.weight]
Loading weights:  91%|█████████▏| 660/723 [00:00<00:00, 999.75it/s, Materializing param=model.visual.blocks.19.mlp.linear_fc1.weight]
Loading weights:  91%|█████████▏| 661/723 [00:00<00:00, 999.75it/s, Materializing param=model.visual.blocks.19.mlp.linear_fc2.bias]  
Loading weights:  91%|█████████▏| 661/723 [00:00<00:00, 999.75it/s, Materializing param=model.visual.blocks.19.mlp.linear_fc2.bias]
Loading weights:  92%|█████████▏| 662/723 [00:00<00:00, 999.75it/s, Materializing param=model.visual.blocks.19.mlp.linear_fc2.weight]
Loading weights:  92%|█████████▏| 662/723 [00:00<00:00, 999.75it/s, Materializing param=model.visual.blocks.19.mlp.linear_fc2.weight]
Loading weights:  92%|█████████▏| 663/723 [00:00<00:00, 999.75it/s, Materializing param=model.visual.blocks.19.norm1.bias]           
Loading weights:  92%|█████████▏| 663/723 [00:00<00:00, 999.75it/s, Materializing param=model.visual.blocks.19.norm1.bias]
Loading weights:  92%|█████████▏| 664/723 [00:00<00:00, 999.75it/s, Materializing param=model.visual.blocks.19.norm1.weight]
Loading weights:  92%|█████████▏| 664/723 [00:00<00:00, 999.75it/s, Materializing param=model.visual.blocks.19.norm1.weight]
Loading weights:  92%|█████████▏| 665/723 [00:00<00:00, 999.75it/s, Materializing param=model.visual.blocks.19.norm2.bias]  
Loading weights:  92%|█████████▏| 665/723 [00:00<00:00, 999.75it/s, Materializing param=model.visual.blocks.19.norm2.bias]
Loading weights:  92%|█████████▏| 666/723 [00:00<00:00, 999.75it/s, Materializing param=model.visual.blocks.19.norm2.weight]
Loading weights:  92%|█████████▏| 666/723 [00:00<00:00, 999.75it/s, Materializing param=model.visual.blocks.19.norm2.weight]
Loading weights:  92%|█████████▏| 667/723 [00:00<00:00, 999.75it/s, Materializing param=model.visual.blocks.20.attn.proj.bias]
Loading weights:  92%|█████████▏| 667/723 [00:00<00:00, 999.75it/s, Materializing param=model.visual.blocks.20.attn.proj.bias]
Loading weights:  92%|█████████▏| 668/723 [00:00<00:00, 999.75it/s, Materializing param=model.visual.blocks.20.attn.proj.weight]
Loading weights:  92%|█████████▏| 668/723 [00:00<00:00, 999.75it/s, Materializing param=model.visual.blocks.20.attn.proj.weight]
Loading weights:  93%|█████████▎| 669/723 [00:00<00:00, 999.75it/s, Materializing param=model.visual.blocks.20.attn.qkv.bias]   
Loading weights:  93%|█████████▎| 669/723 [00:00<00:00, 999.75it/s, Materializing param=model.visual.blocks.20.attn.qkv.bias]
Loading weights:  93%|█████████▎| 670/723 [00:00<00:00, 999.75it/s, Materializing param=model.visual.blocks.20.attn.qkv.weight]
Loading weights:  93%|█████████▎| 670/723 [00:00<00:00, 999.75it/s, Materializing param=model.visual.blocks.20.attn.qkv.weight]
Loading weights:  93%|█████████▎| 671/723 [00:00<00:00, 999.75it/s, Materializing param=model.visual.blocks.20.mlp.linear_fc1.bias]
Loading weights:  93%|█████████▎| 671/723 [00:00<00:00, 999.75it/s, Materializing param=model.visual.blocks.20.mlp.linear_fc1.bias]
Loading weights:  93%|█████████▎| 672/723 [00:00<00:00, 999.75it/s, Materializing param=model.visual.blocks.20.mlp.linear_fc1.weight]
Loading weights:  93%|█████████▎| 672/723 [00:00<00:00, 999.75it/s, Materializing param=model.visual.blocks.20.mlp.linear_fc1.weight]
Loading weights:  93%|█████████▎| 673/723 [00:00<00:00, 999.75it/s, Materializing param=model.visual.blocks.20.mlp.linear_fc2.bias]  
Loading weights:  93%|█████████▎| 673/723 [00:00<00:00, 999.75it/s, Materializing param=model.visual.blocks.20.mlp.linear_fc2.bias]
Loading weights:  93%|█████████▎| 674/723 [00:00<00:00, 999.75it/s, Materializing param=model.visual.blocks.20.mlp.linear_fc2.weight]
Loading weights:  93%|█████████▎| 674/723 [00:00<00:00, 999.75it/s, Materializing param=model.visual.blocks.20.mlp.linear_fc2.weight]
Loading weights:  93%|█████████▎| 675/723 [00:00<00:00, 999.75it/s, Materializing param=model.visual.blocks.20.norm1.bias]           
Loading weights:  93%|█████████▎| 675/723 [00:00<00:00, 999.75it/s, Materializing param=model.visual.blocks.20.norm1.bias]
Loading weights:  93%|█████████▎| 676/723 [00:00<00:00, 999.75it/s, Materializing param=model.visual.blocks.20.norm1.weight]
Loading weights:  93%|█████████▎| 676/723 [00:00<00:00, 999.75it/s, Materializing param=model.visual.blocks.20.norm1.weight]
Loading weights:  94%|█████████▎| 677/723 [00:00<00:00, 999.75it/s, Materializing param=model.visual.blocks.20.norm2.bias]  
Loading weights:  94%|█████████▎| 677/723 [00:00<00:00, 999.75it/s, Materializing param=model.visual.blocks.20.norm2.bias]
Loading weights:  94%|█████████▍| 678/723 [00:00<00:00, 999.75it/s, Materializing param=model.visual.blocks.20.norm2.weight]
Loading weights:  94%|█████████▍| 678/723 [00:00<00:00, 999.75it/s, Materializing param=model.visual.blocks.20.norm2.weight]
Loading weights:  94%|█████████▍| 679/723 [00:00<00:00, 999.75it/s, Materializing param=model.visual.blocks.21.attn.proj.bias]
Loading weights:  94%|█████████▍| 679/723 [00:00<00:00, 999.75it/s, Materializing param=model.visual.blocks.21.attn.proj.bias]
Loading weights:  94%|█████████▍| 680/723 [00:00<00:00, 999.75it/s, Materializing param=model.visual.blocks.21.attn.proj.weight]
Loading weights:  94%|█████████▍| 680/723 [00:00<00:00, 999.75it/s, Materializing param=model.visual.blocks.21.attn.proj.weight]
Loading weights:  94%|█████████▍| 681/723 [00:00<00:00, 999.75it/s, Materializing param=model.visual.blocks.21.attn.qkv.bias]   
Loading weights:  94%|█████████▍| 681/723 [00:00<00:00, 999.75it/s, Materializing param=model.visual.blocks.21.attn.qkv.bias]
Loading weights:  94%|█████████▍| 682/723 [00:00<00:00, 999.75it/s, Materializing param=model.visual.blocks.21.attn.qkv.weight]
Loading weights:  94%|█████████▍| 682/723 [00:00<00:00, 999.75it/s, Materializing param=model.visual.blocks.21.attn.qkv.weight]
Loading weights:  94%|█████████▍| 683/723 [00:00<00:00, 999.75it/s, Materializing param=model.visual.blocks.21.mlp.linear_fc1.bias]
Loading weights:  94%|█████████▍| 683/723 [00:00<00:00, 999.75it/s, Materializing param=model.visual.blocks.21.mlp.linear_fc1.bias]
Loading weights:  95%|█████████▍| 684/723 [00:00<00:00, 999.75it/s, Materializing param=model.visual.blocks.21.mlp.linear_fc1.weight]
Loading weights:  95%|█████████▍| 684/723 [00:00<00:00, 999.75it/s, Materializing param=model.visual.blocks.21.mlp.linear_fc1.weight]
Loading weights:  95%|█████████▍| 685/723 [00:00<00:00, 999.75it/s, Materializing param=model.visual.blocks.21.mlp.linear_fc2.bias]  
Loading weights:  95%|█████████▍| 685/723 [00:00<00:00, 999.75it/s, Materializing param=model.visual.blocks.21.mlp.linear_fc2.bias]
Loading weights:  95%|█████████▍| 686/723 [00:00<00:00, 999.75it/s, Materializing param=model.visual.blocks.21.mlp.linear_fc2.weight]
Loading weights:  95%|█████████▍| 686/723 [00:00<00:00, 999.75it/s, Materializing param=model.visual.blocks.21.mlp.linear_fc2.weight]
Loading weights:  95%|█████████▌| 687/723 [00:00<00:00, 999.75it/s, Materializing param=model.visual.blocks.21.norm1.bias]           
Loading weights:  95%|█████████▌| 687/723 [00:00<00:00, 999.75it/s, Materializing param=model.visual.blocks.21.norm1.bias]
Loading weights:  95%|█████████▌| 688/723 [00:00<00:00, 999.75it/s, Materializing param=model.visual.blocks.21.norm1.weight]
Loading weights:  95%|█████████▌| 688/723 [00:00<00:00, 999.75it/s, Materializing param=model.visual.blocks.21.norm1.weight]
Loading weights:  95%|█████████▌| 689/723 [00:00<00:00, 999.75it/s, Materializing param=model.visual.blocks.21.norm2.bias]  
Loading weights:  95%|█████████▌| 689/723 [00:00<00:00, 999.75it/s, Materializing param=model.visual.blocks.21.norm2.bias]
Loading weights:  95%|█████████▌| 690/723 [00:00<00:00, 999.75it/s, Materializing param=model.visual.blocks.21.norm2.weight]
Loading weights:  95%|█████████▌| 690/723 [00:00<00:00, 999.75it/s, Materializing param=model.visual.blocks.21.norm2.weight]
Loading weights:  96%|█████████▌| 691/723 [00:00<00:00, 999.75it/s, Materializing param=model.visual.blocks.22.attn.proj.bias]
Loading weights:  96%|█████████▌| 691/723 [00:00<00:00, 999.75it/s, Materializing param=model.visual.blocks.22.attn.proj.bias]
Loading weights:  96%|█████████▌| 692/723 [00:00<00:00, 999.75it/s, Materializing param=model.visual.blocks.22.attn.proj.weight]
Loading weights:  96%|█████████▌| 692/723 [00:00<00:00, 999.75it/s, Materializing param=model.visual.blocks.22.attn.proj.weight]
Loading weights:  96%|█████████▌| 693/723 [00:00<00:00, 999.75it/s, Materializing param=model.visual.blocks.22.attn.qkv.bias]   
Loading weights:  96%|█████████▌| 693/723 [00:00<00:00, 999.75it/s, Materializing param=model.visual.blocks.22.attn.qkv.bias]
Loading weights:  96%|█████████▌| 694/723 [00:00<00:00, 999.75it/s, Materializing param=model.visual.blocks.22.attn.qkv.weight]
Loading weights:  96%|█████████▌| 694/723 [00:00<00:00, 999.75it/s, Materializing param=model.visual.blocks.22.attn.qkv.weight]
Loading weights:  96%|█████████▌| 695/723 [00:00<00:00, 999.75it/s, Materializing param=model.visual.blocks.22.mlp.linear_fc1.bias]
Loading weights:  96%|█████████▌| 695/723 [00:00<00:00, 999.75it/s, Materializing param=model.visual.blocks.22.mlp.linear_fc1.bias]
Loading weights:  96%|█████████▋| 696/723 [00:00<00:00, 999.75it/s, Materializing param=model.visual.blocks.22.mlp.linear_fc1.weight]
Loading weights:  96%|█████████▋| 696/723 [00:00<00:00, 999.75it/s, Materializing param=model.visual.blocks.22.mlp.linear_fc1.weight]
Loading weights:  96%|█████████▋| 697/723 [00:00<00:00, 999.75it/s, Materializing param=model.visual.blocks.22.mlp.linear_fc2.bias]  
Loading weights:  96%|█████████▋| 697/723 [00:00<00:00, 999.75it/s, Materializing param=model.visual.blocks.22.mlp.linear_fc2.bias]
Loading weights:  97%|█████████▋| 698/723 [00:00<00:00, 999.75it/s, Materializing param=model.visual.blocks.22.mlp.linear_fc2.weight]
Loading weights:  97%|█████████▋| 698/723 [00:00<00:00, 999.75it/s, Materializing param=model.visual.blocks.22.mlp.linear_fc2.weight]
Loading weights:  97%|█████████▋| 699/723 [00:00<00:00, 999.75it/s, Materializing param=model.visual.blocks.22.norm1.bias]           
Loading weights:  97%|█████████▋| 699/723 [00:00<00:00, 999.75it/s, Materializing param=model.visual.blocks.22.norm1.bias]
Loading weights:  97%|█████████▋| 700/723 [00:00<00:00, 999.75it/s, Materializing param=model.visual.blocks.22.norm1.weight]
Loading weights:  97%|█████████▋| 700/723 [00:00<00:00, 999.75it/s, Materializing param=model.visual.blocks.22.norm1.weight]
Loading weights:  97%|█████████▋| 701/723 [00:00<00:00, 999.75it/s, Materializing param=model.visual.blocks.22.norm2.bias]  
Loading weights:  97%|█████████▋| 701/723 [00:00<00:00, 999.75it/s, Materializing param=model.visual.blocks.22.norm2.bias]
Loading weights:  97%|█████████▋| 702/723 [00:00<00:00, 999.75it/s, Materializing param=model.visual.blocks.22.norm2.weight]
Loading weights:  97%|█████████▋| 702/723 [00:00<00:00, 999.75it/s, Materializing param=model.visual.blocks.22.norm2.weight]
Loading weights:  97%|█████████▋| 703/723 [00:00<00:00, 999.75it/s, Materializing param=model.visual.blocks.23.attn.proj.bias]
Loading weights:  97%|█████████▋| 703/723 [00:00<00:00, 999.75it/s, Materializing param=model.visual.blocks.23.attn.proj.bias]
Loading weights:  97%|█████████▋| 704/723 [00:00<00:00, 999.75it/s, Materializing param=model.visual.blocks.23.attn.proj.weight]
Loading weights:  97%|█████████▋| 704/723 [00:00<00:00, 999.75it/s, Materializing param=model.visual.blocks.23.attn.proj.weight]
Loading weights:  98%|█████████▊| 705/723 [00:00<00:00, 999.75it/s, Materializing param=model.visual.blocks.23.attn.qkv.bias]   
Loading weights:  98%|█████████▊| 705/723 [00:00<00:00, 999.75it/s, Materializing param=model.visual.blocks.23.attn.qkv.bias]
Loading weights:  98%|█████████▊| 706/723 [00:00<00:00, 999.75it/s, Materializing param=model.visual.blocks.23.attn.qkv.weight]
Loading weights:  98%|█████████▊| 706/723 [00:00<00:00, 999.75it/s, Materializing param=model.visual.blocks.23.attn.qkv.weight]
Loading weights:  98%|█████████▊| 707/723 [00:00<00:00, 999.75it/s, Materializing param=model.visual.blocks.23.mlp.linear_fc1.bias]
Loading weights:  98%|█████████▊| 707/723 [00:00<00:00, 999.75it/s, Materializing param=model.visual.blocks.23.mlp.linear_fc1.bias]
Loading weights:  98%|█████████▊| 708/723 [00:00<00:00, 999.75it/s, Materializing param=model.visual.blocks.23.mlp.linear_fc1.weight]
Loading weights:  98%|█████████▊| 708/723 [00:00<00:00, 999.75it/s, Materializing param=model.visual.blocks.23.mlp.linear_fc1.weight]
Loading weights:  98%|█████████▊| 709/723 [00:00<00:00, 999.75it/s, Materializing param=model.visual.blocks.23.mlp.linear_fc2.bias]  
Loading weights:  98%|█████████▊| 709/723 [00:00<00:00, 999.75it/s, Materializing param=model.visual.blocks.23.mlp.linear_fc2.bias]
Loading weights:  98%|█████████▊| 710/723 [00:00<00:00, 999.75it/s, Materializing param=model.visual.blocks.23.mlp.linear_fc2.weight]
Loading weights:  98%|█████████▊| 710/723 [00:00<00:00, 999.75it/s, Materializing param=model.visual.blocks.23.mlp.linear_fc2.weight]
Loading weights:  98%|█████████▊| 711/723 [00:00<00:00, 999.75it/s, Materializing param=model.visual.blocks.23.norm1.bias]           
Loading weights:  98%|█████████▊| 711/723 [00:00<00:00, 999.75it/s, Materializing param=model.visual.blocks.23.norm1.bias]
Loading weights:  98%|█████████▊| 712/723 [00:00<00:00, 999.75it/s, Materializing param=model.visual.blocks.23.norm1.weight]
Loading weights:  98%|█████████▊| 712/723 [00:00<00:00, 999.75it/s, Materializing param=model.visual.blocks.23.norm1.weight]
Loading weights:  99%|█████████▊| 713/723 [00:00<00:00, 999.75it/s, Materializing param=model.visual.blocks.23.norm2.bias]  
Loading weights:  99%|█████████▊| 713/723 [00:00<00:00, 999.75it/s, Materializing param=model.visual.blocks.23.norm2.bias]
Loading weights:  99%|█████████▉| 714/723 [00:00<00:00, 999.75it/s, Materializing param=model.visual.blocks.23.norm2.weight]
Loading weights:  99%|█████████▉| 714/723 [00:00<00:00, 999.75it/s, Materializing param=model.visual.blocks.23.norm2.weight]
Loading weights:  99%|█████████▉| 715/723 [00:00<00:00, 999.75it/s, Materializing param=model.visual.merger.linear_fc1.bias]
Loading weights:  99%|█████████▉| 715/723 [00:00<00:00, 999.75it/s, Materializing param=model.visual.merger.linear_fc1.bias]
Loading weights:  99%|█████████▉| 716/723 [00:00<00:00, 999.75it/s, Materializing param=model.visual.merger.linear_fc1.weight]
Loading weights:  99%|█████████▉| 716/723 [00:00<00:00, 999.75it/s, Materializing param=model.visual.merger.linear_fc1.weight]
Loading weights:  99%|█████████▉| 717/723 [00:00<00:00, 999.75it/s, Materializing param=model.visual.merger.linear_fc2.bias]  
Loading weights:  99%|█████████▉| 717/723 [00:00<00:00, 999.75it/s, Materializing param=model.visual.merger.linear_fc2.bias]
Loading weights:  99%|█████████▉| 718/723 [00:00<00:00, 999.75it/s, Materializing param=model.visual.merger.linear_fc2.weight]
Loading weights:  99%|█████████▉| 718/723 [00:00<00:00, 999.75it/s, Materializing param=model.visual.merger.linear_fc2.weight]
Loading weights:  99%|█████████▉| 719/723 [00:00<00:00, 999.75it/s, Materializing param=model.visual.merger.norm.bias]        
Loading weights:  99%|█████████▉| 719/723 [00:00<00:00, 999.75it/s, Materializing param=model.visual.merger.norm.bias]
Loading weights: 100%|█████████▉| 720/723 [00:00<00:00, 999.75it/s, Materializing param=model.visual.merger.norm.weight]
Loading weights: 100%|█████████▉| 720/723 [00:00<00:00, 999.75it/s, Materializing param=model.visual.merger.norm.weight]
Loading weights: 100%|█████████▉| 721/723 [00:00<00:00, 999.75it/s, Materializing param=model.visual.patch_embed.proj.bias]
Loading weights: 100%|█████████▉| 721/723 [00:00<00:00, 999.75it/s, Materializing param=model.visual.patch_embed.proj.bias]
Loading weights: 100%|█████████▉| 722/723 [00:00<00:00, 999.75it/s, Materializing param=model.visual.patch_embed.proj.weight]
Loading weights: 100%|█████████▉| 722/723 [00:00<00:00, 999.75it/s, Materializing param=model.visual.patch_embed.proj.weight]
Loading weights: 100%|██████████| 723/723 [00:00<00:00, 999.75it/s, Materializing param=model.visual.pos_embed.weight]       
Loading weights: 100%|██████████| 723/723 [00:00<00:00, 999.75it/s, Materializing param=model.visual.pos_embed.weight]
Loading weights: 100%|██████████| 723/723 [00:00<00:00, 871.58it/s, Materializing param=model.visual.pos_embed.weight]
  Unwrapping processor -> tokenizer (Qwen3VLProcessor)
✓ Loaded: Qwen/Qwen3.5-4B
  Base model loaded: Qwen/Qwen3.5-4B
Unsloth: Dropout = 0 is supported for fast patching. You are using dropout = 0.05.
Unsloth will patch all other layers, except LoRA matrices, causing a performance hit.
Unsloth: Making `model.base_model.model.model.language_model` require gradients

Model parameters:
  Total     : 2,646,192,640
  Trainable : 42,467,328 (1.60%)

Preparing dataset...
Loaded 2967 verified trajectories from /home/smayan/Desktop/RLM MCP/RLM-research/data/trajectories_all_complex_full.jsonl
  Split composition: {'train': 2958, 'dev': 9}
  Formatted: 2804 / 2958 trajectories
  Skipped 154 trajectories exceeding max_length=1536
  Formatted: 9 / 9 trajectories

Dataset split:
  Train : 2804
  Eval  : 9

Training plan:
  Epochs       : 3
  Batch size   : 1 × 16 accum = 16
  Steps/epoch  : 175
  Total steps  : 525
  Eval every   : 175 steps (once/epoch)
  Save every   : 175 steps (once/epoch)
warmup_ratio is deprecated and will be removed in v5.2. Use `warmup_steps` instead.

Unsloth: Tokenizing ["text"] (num_proc=20):   0%|          | 0/2804 [00:00<?, ? examples/s]
Unsloth: Tokenizing ["text"] (num_proc=20):   5%|▌         | 141/2804 [00:01<00:20, 129.95 examples/s]
Unsloth: Tokenizing ["text"] (num_proc=20):  10%|█         | 282/2804 [00:01<00:09, 261.38 examples/s]
Unsloth: Tokenizing ["text"] (num_proc=20):  15%|█▌        | 423/2804 [00:01<00:06, 391.28 examples/s]
Unsloth: Tokenizing ["text"] (num_proc=20):  20%|██        | 564/2804 [00:01<00:04, 522.29 examples/s]
Unsloth: Tokenizing ["text"] (num_proc=20):  30%|███       | 844/2804 [00:01<00:02, 679.34 examples/s]
Unsloth: Tokenizing ["text"] (num_proc=20):  35%|███▌      | 984/2804 [00:01<00:02, 726.22 examples/s]
Unsloth: Tokenizing ["text"] (num_proc=20):  40%|████      | 1124/2804 [00:02<00:02, 785.47 examples/s]
Unsloth: Tokenizing ["text"] (num_proc=20):  45%|████▌     | 1264/2804 [00:02<00:01, 816.36 examples/s]
Unsloth: Tokenizing ["text"] (num_proc=20):  55%|█████▌    | 1544/2804 [00:02<00:01, 994.68 examples/s]
Unsloth: Tokenizing ["text"] (num_proc=20):  60%|██████    | 1684/2804 [00:02<00:01, 811.46 examples/s]
Unsloth: Tokenizing ["text"] (num_proc=20):  65%|██████▌   | 1824/2804 [00:02<00:01, 829.86 examples/s]
Unsloth: Tokenizing ["text"] (num_proc=20):  70%|███████   | 1964/2804 [00:03<00:00, 860.13 examples/s]
Unsloth: Tokenizing ["text"] (num_proc=20):  75%|███████▌  | 2104/2804 [00:03<00:00, 842.51 examples/s]
Unsloth: Tokenizing ["text"] (num_proc=20):  85%|████████▌ | 2384/2804 [00:03<00:00, 957.78 examples/s]
Unsloth: Tokenizing ["text"] (num_proc=20):  90%|█████████ | 2524/2804 [00:03<00:00, 1013.08 examples/s]
Unsloth: Tokenizing ["text"] (num_proc=20):  95%|█████████▌| 2664/2804 [00:03<00:00, 958.27 examples/s] 
Unsloth: Tokenizing ["text"] (num_proc=20): 100%|██████████| 2804/2804 [00:03<00:00, 946.43 examples/s]
Unsloth: Tokenizing ["text"] (num_proc=20): 100%|██████████| 2804/2804 [00:04<00:00, 688.96 examples/s]
num_proc must be <= 9. Reducing num_proc to 9 for dataset of size 9.
[datasets.arrow_dataset|WARNING]num_proc must be <= 9. Reducing num_proc to 9 for dataset of size 9.

Unsloth: Tokenizing ["text"] (num_proc=9):   0%|          | 0/9 [00:00<?, ? examples/s]
Unsloth: Tokenizing ["text"] (num_proc=9):  11%|█         | 1/9 [00:00<00:05,  1.44 examples/s]
Unsloth: Tokenizing ["text"] (num_proc=9):  22%|██▏       | 2/9 [00:00<00:02,  2.83 examples/s]
Unsloth: Tokenizing ["text"] (num_proc=9):  44%|████▍     | 4/9 [00:01<00:00,  5.13 examples/s]
Unsloth: Tokenizing ["text"] (num_proc=9):  67%|██████▋   | 6/9 [00:01<00:00,  7.66 examples/s]
Unsloth: Tokenizing ["text"] (num_proc=9):  89%|████████▉ | 8/9 [00:01<00:00,  8.55 examples/s]
Unsloth: Tokenizing ["text"] (num_proc=9): 100%|██████████| 9/9 [00:01<00:00,  5.91 examples/s]

Map (num_proc=20):   0%|          | 0/2804 [00:00<?, ? examples/s]
Map (num_proc=20):   5%|▌         | 141/2804 [00:00<00:06, 383.40 examples/s]
Map (num_proc=20):  45%|████▌     | 1264/2804 [00:00<00:00, 3365.04 examples/s]
Map (num_proc=20): 100%|██████████| 2804/2804 [00:00<00:00, 4161.87 examples/s]

Filter (num_proc=20):   0%|          | 0/2804 [00:00<?, ? examples/s]
Filter (num_proc=20):   5%|▌         | 141/2804 [00:00<00:08, 317.70 examples/s]
Filter (num_proc=20):  40%|████      | 1124/2804 [00:00<00:00, 2604.68 examples/s]
Filter (num_proc=20):  75%|███████▌  | 2104/2804 [00:00<00:00, 4406.04 examples/s]
Filter (num_proc=20): 100%|██████████| 2804/2804 [00:00<00:00, 3328.65 examples/s]
num_proc must be <= 9. Reducing num_proc to 9 for dataset of size 9.
[datasets.arrow_dataset|WARNING]num_proc must be <= 9. Reducing num_proc to 9 for dataset of size 9.

Map (num_proc=9):   0%|          | 0/9 [00:00<?, ? examples/s]
Map (num_proc=9):  11%|█         | 1/9 [00:00<00:01,  5.58 examples/s]
Map (num_proc=9): 100%|██████████| 9/9 [00:00<00:00, 29.59 examples/s]
num_proc must be <= 9. Reducing num_proc to 9 for dataset of size 9.
[datasets.arrow_dataset|WARNING]num_proc must be <= 9. Reducing num_proc to 9 for dataset of size 9.

Filter (num_proc=9):   0%|          | 0/9 [00:00<?, ? examples/s]
Filter (num_proc=9):  11%|█         | 1/9 [00:00<00:01,  5.79 examples/s]
Filter (num_proc=9): 100%|██████████| 9/9 [00:00<00:00, 32.01 examples/s]
✓ Assistant-only loss masking enabled
  Label mask check: active=368 / total=1494 (24.63%)

============================================================
Starting fine-tuning...
============================================================

The tokenizer has new PAD/BOS/EOS tokens that differ from the model config and generation config. The model config and generation config were aligned accordingly, being updated with the tokenizer's values. Updated tokens: {'eos_token_id': 248046}.
==((====))==  Unsloth - 2x faster free finetuning | Num GPUs used = 1
   \\   /|    Num examples = 2,804 | Num Epochs = 3 | Total steps = 528
O^O/ \_/ \    Batch size per device = 1 | Gradient accumulation steps = 16
\        /    Data Parallel GPUs = 1 | Total batch size (1 x 16 x 1) = 16
 "-____-"     Trainable parameters = 42,467,328 of 4,581,732,864 (0.93% trained)

  0%|          | 0/528 [00:00<?, ?it/s]
  0%|          | 1/528 [00:31<4:38:49, 31.74s/it]
  0%|          | 2/528 [00:57<4:09:07, 28.42s/it]
  1%|          | 3/528 [01:30<4:25:48, 30.38s/it]
  1%|          | 4/528 [01:56<4:11:34, 28.81s/it]
  1%|          | 5/528 [02:24<4:08:27, 28.50s/it]
  1%|          | 6/528 [02:50<3:59:04, 27.48s/it]
  1%|▏         | 7/528 [03:16<3:53:27, 26.89s/it]
  2%|▏         | 8/528 [03:42<3:50:59, 26.65s/it]
  2%|▏         | 9/528 [04:07<3:47:10, 26.26s/it]
  2%|▏         | 10/528 [04:36<3:53:59, 27.10s/it]
  2%|▏         | 11/528 [05:02<3:50:14, 26.72s/it]
  2%|▏         | 12/528 [05:30<3:52:24, 27.02s/it]
  2%|▏         | 13/528 [06:00<4:00:40, 28.04s/it]
  3%|▎         | 14/528 [06:27<3:56:24, 27.60s/it]
  3%|▎         | 15/528 [06:55<3:56:40, 27.68s/it]
  3%|▎         | 16/528 [07:24<3:59:52, 28.11s/it]
  3%|▎         | 17/528 [07:49<3:52:52, 27.34s/it]
  3%|▎         | 18/528 [08:14<3:46:43, 26.67s/it]
  4%|▎         | 19/528 [08:45<3:55:21, 27.74s/it]
  4%|▍         | 20/528 [09:14<3:58:08, 28.13s/it]
  4%|▍         | 21/528 [09:44<4:02:58, 28.76s/it]
  4%|▍         | 22/528 [10:10<3:55:37, 27.94s/it]
  4%|▍         | 23/528 [10:38<3:56:37, 28.11s/it]
  5%|▍         | 24/528 [11:05<3:52:38, 27.69s/it]
  5%|▍         | 25/528 [11:33<3:53:33, 27.86s/it]
  5%|▍         | 26/528 [12:04<3:59:46, 28.66s/it]
  5%|▌         | 27/528 [12:30<3:53:47, 28.00s/it]
  5%|▌         | 28/528 [12:56<3:48:28, 27.42s/it]
  5%|▌         | 29/528 [13:23<3:46:40, 27.26s/it]
  6%|▌         | 30/528 [13:51<3:46:34, 27.30s/it]
  6%|▌         | 31/528 [14:19<3:49:38, 27.72s/it]
  6%|▌         | 32/528 [14:48<3:52:40, 28.15s/it]
  6%|▋         | 33/528 [15:17<3:53:50, 28.34s/it]
  6%|▋         | 34/528 [15:45<3:51:49, 28.16s/it]
  7%|▋         | 35/528 [16:12<3:48:06, 27.76s/it]
  7%|▋         | 36/528 [16:39<3:47:00, 27.68s/it]
  7%|▋         | 37/528 [17:06<3:44:44, 27.46s/it]
  7%|▋         | 38/528 [17:32<3:41:02, 27.07s/it]
  7%|▋         | 39/528 [18:01<3:45:10, 27.63s/it]
  8%|▊         | 40/528 [18:29<3:45:43, 27.75s/it]
  8%|▊         | 41/528 [19:00<3:52:28, 28.64s/it]
  8%|▊         | 42/528 [19:29<3:52:49, 28.74s/it]
  8%|▊         | 43/528 [19:56<3:46:57, 28.08s/it]
                                                  
{'loss': '0.5571', 'grad_norm': '0.01907', 'learning_rate': '0.0001996', 'epoch': '0.2454'}

  8%|▊         | 43/528 [19:56<3:46:57, 28.08s/it]
  8%|▊         | 44/528 [20:23<3:45:54, 28.01s/it]
  9%|▊         | 45/528 [20:50<3:42:44, 27.67s/it]
  9%|▊         | 46/528 [21:17<3:38:47, 27.24s/it]
  9%|▉         | 47/528 [21:44<3:38:39, 27.28s/it]
  9%|▉         | 48/528 [22:12<3:39:55, 27.49s/it]
  9%|▉         | 49/528 [22:41<3:43:20, 27.98s/it]
  9%|▉         | 50/528 [23:09<3:41:42, 27.83s/it]
 10%|▉         | 51/528 [23:32<3:31:26, 26.60s/it]
 10%|▉         | 52/528 [24:00<3:32:58, 26.84s/it]
 10%|█         | 53/528 [24:30<3:40:36, 27.87s/it]
 10%|█         | 54/528 [24:58<3:41:19, 28.01s/it]
 10%|█         | 55/528 [25:26<3:39:13, 27.81s/it]
 11%|█         | 56/528 [25:54<3:40:09, 27.99s/it]
 11%|█         | 57/528 [26:19<3:32:08, 27.02s/it]
 11%|█         | 58/528 [26:45<3:30:49, 26.91s/it]
 11%|█         | 59/528 [27:12<3:30:16, 26.90s/it]
 11%|█▏        | 60/528 [27:41<3:34:02, 27.44s/it]
 12%|█▏        | 61/528 [28:10<3:36:27, 27.81s/it]
 12%|█▏        | 62/528 [28:37<3:34:23, 27.60s/it]
 12%|█▏        | 63/528 [29:04<3:32:42, 27.45s/it]
 12%|█▏        | 64/528 [29:31<3:30:52, 27.27s/it]
 12%|█▏        | 65/528 [30:01<3:36:18, 28.03s/it]
 12%|█▎        | 66/528 [30:30<3:38:56, 28.43s/it]
 13%|█▎        | 67/528 [30:58<3:37:39, 28.33s/it]
 13%|█▎        | 68/528 [31:26<3:36:22, 28.22s/it]
 13%|█▎        | 69/528 [31:54<3:35:30, 28.17s/it]
 13%|█▎        | 70/528 [32:21<3:31:24, 27.69s/it]
 13%|█▎        | 71/528 [32:46<3:26:10, 27.07s/it]
 14%|█▎        | 72/528 [33:14<3:27:39, 27.32s/it]
 14%|█▍        | 73/528 [33:41<3:26:30, 27.23s/it]
 14%|█▍        | 74/528 [34:10<3:29:45, 27.72s/it]
 14%|█▍        | 75/528 [34:38<3:30:07, 27.83s/it]
 14%|█▍        | 76/528 [35:05<3:27:59, 27.61s/it]
 15%|█▍        | 77/528 [35:33<3:28:18, 27.71s/it]
 15%|█▍        | 78/528 [36:03<3:32:13, 28.30s/it]
 15%|█▍        | 79/528 [36:34<3:38:24, 29.19s/it]
 15%|█▌        | 80/528 [37:00<3:29:32, 28.06s/it]
 15%|█▌        | 81/528 [37:25<3:24:19, 27.43s/it]
 16%|█▌        | 82/528 [37:55<3:27:44, 27.95s/it]
 16%|█▌        | 83/528 [38:21<3:23:42, 27.47s/it]
 16%|█▌        | 84/528 [38:49<3:23:53, 27.55s/it]
 16%|█▌        | 85/528 [39:15<3:19:51, 27.07s/it]
 16%|█▋        | 86/528 [39:38<3:10:56, 25.92s/it]
                                                  
{'loss': '0.1154', 'grad_norm': '0.01715', 'learning_rate': '0.0001935', 'epoch': '0.4907'}

 16%|█▋        | 86/528 [39:38<3:10:56, 25.92s/it]
 16%|█▋        | 87/528 [40:06<3:15:05, 26.54s/it]
 17%|█▋        | 88/528 [40:33<3:15:08, 26.61s/it]
 17%|█▋        | 89/528 [41:00<3:17:19, 26.97s/it]
 17%|█▋        | 90/528 [41:30<3:22:22, 27.72s/it]
 17%|█▋        | 91/528 [41:56<3:18:14, 27.22s/it]
 17%|█▋        | 92/528 [42:23<3:17:49, 27.22s/it]
 18%|█▊        | 93/528 [42:49<3:13:14, 26.65s/it]
 18%|█▊        | 94/528 [43:18<3:19:21, 27.56s/it]
 18%|█▊        | 95/528 [43:42<3:10:45, 26.43s/it]
 18%|█▊        | 96/528 [44:09<3:11:05, 26.54s/it]
 18%|█▊        | 97/528 [44:39<3:17:24, 27.48s/it]
 19%|█▊        | 98/528 [45:05<3:14:02, 27.08s/it]
 19%|█▉        | 99/528 [45:30<3:10:46, 26.68s/it]
 19%|█▉        | 100/528 [45:59<3:15:28, 27.40s/it]
 19%|█▉        | 101/528 [46:28<3:17:13, 27.71s/it]
 19%|█▉        | 102/528 [46:57<3:19:47, 28.14s/it]
 20%|█▉        | 103/528 [47:24<3:16:49, 27.79s/it]
 20%|█▉        | 104/528 [47:53<3:18:38, 28.11s/it]
 20%|█▉        | 105/528 [48:19<3:14:07, 27.54s/it]
 20%|██        | 106/528 [48:47<3:13:49, 27.56s/it]
 20%|██        | 107/528 [49:14<3:12:37, 27.45s/it]
 20%|██        | 108/528 [49:40<3:09:59, 27.14s/it]
 21%|██        | 109/528 [50:08<3:11:29, 27.42s/it]
 21%|██        | 110/528 [50:34<3:06:26, 26.76s/it]
 21%|██        | 111/528 [51:03<3:10:45, 27.45s/it]
 21%|██        | 112/528 [51:29<3:08:48, 27.23s/it]
 21%|██▏       | 113/528 [51:57<3:08:24, 27.24s/it]
 22%|██▏       | 114/528 [52:25<3:09:37, 27.48s/it]
 22%|██▏       | 115/528 [52:50<3:05:42, 26.98s/it]
 22%|██▏       | 116/528 [53:16<3:02:32, 26.58s/it]
 22%|██▏       | 117/528 [53:41<2:58:41, 26.09s/it]
 22%|██▏       | 118/528 [54:10<3:04:54, 27.06s/it]
 23%|██▎       | 119/528 [54:41<3:12:18, 28.21s/it]
 23%|██▎       | 120/528 [55:09<3:11:45, 28.20s/it]
 23%|██▎       | 121/528 [55:38<3:11:55, 28.29s/it]
 23%|██▎       | 122/528 [56:04<3:05:49, 27.46s/it]
 23%|██▎       | 123/528 [56:28<2:58:25, 26.43s/it]
 23%|██▎       | 124/528 [56:55<3:00:59, 26.88s/it]
 24%|██▎       | 125/528 [57:24<3:03:08, 27.27s/it]
 24%|██▍       | 126/528 [57:49<2:58:47, 26.68s/it]
 24%|██▍       | 127/528 [58:18<3:03:31, 27.46s/it]
 24%|██▍       | 128/528 [58:46<3:03:51, 27.58s/it]
 24%|██▍       | 129/528 [59:10<2:56:29, 26.54s/it]
                                                   
{'loss': '0.07573', 'grad_norm': '0.0172', 'learning_rate': '0.0001806', 'epoch': '0.7361'}

 24%|██▍       | 129/528 [59:10<2:56:29, 26.54s/it]
 25%|██▍       | 130/528 [59:37<2:56:34, 26.62s/it]
 25%|██▍       | 131/528 [1:00:04<2:57:17, 26.79s/it]
 25%|██▌       | 132/528 [1:00:29<2:53:50, 26.34s/it]
 25%|██▌       | 133/528 [1:00:58<2:58:14, 27.07s/it]
 25%|██▌       | 134/528 [1:01:24<2:55:28, 26.72s/it]
 26%|██▌       | 135/528 [1:01:51<2:55:50, 26.84s/it]
 26%|██▌       | 136/528 [1:02:17<2:53:27, 26.55s/it]
 26%|██▌       | 137/528 [1:02:44<2:54:23, 26.76s/it]
 26%|██▌       | 138/528 [1:03:11<2:54:19, 26.82s/it]
 26%|██▋       | 139/528 [1:03:39<2:55:48, 27.12s/it]
 27%|██▋       | 140/528 [1:04:06<2:54:45, 27.02s/it]
 27%|██▋       | 141/528 [1:04:33<2:54:58, 27.13s/it]
 27%|██▋       | 142/528 [1:05:00<2:53:04, 26.90s/it]
 27%|██▋       | 143/528 [1:05:29<2:57:47, 27.71s/it]
 27%|██▋       | 144/528 [1:05:59<3:01:15, 28.32s/it]
 27%|██▋       | 145/528 [1:06:28<3:02:32, 28.60s/it]
 28%|██▊       | 146/528 [1:06:55<2:59:16, 28.16s/it]
 28%|██▊       | 147/528 [1:07:23<2:57:54, 28.02s/it]
 28%|██▊       | 148/528 [1:07:49<2:53:36, 27.41s/it]
 28%|██▊       | 149/528 [1:08:19<2:57:24, 28.08s/it]
 28%|██▊       | 150/528 [1:08:49<3:01:10, 28.76s/it]
 29%|██▊       | 151/528 [1:09:17<2:59:43, 28.60s/it]
 29%|██▉       | 152/528 [1:09:46<3:00:07, 28.74s/it]
 29%|██▉       | 153/528 [1:10:13<2:55:03, 28.01s/it]
 29%|██▉       | 154/528 [1:10:40<2:52:16, 27.64s/it]
 29%|██▉       | 155/528 [1:11:08<2:53:25, 27.90s/it]
 30%|██▉       | 156/528 [1:11:36<2:53:51, 28.04s/it]
 30%|██▉       | 157/528 [1:12:00<2:44:24, 26.59s/it]
 30%|██▉       | 158/528 [1:12:28<2:47:36, 27.18s/it]
 30%|███       | 159/528 [1:12:53<2:43:09, 26.53s/it]
 30%|███       | 160/528 [1:13:21<2:45:54, 27.05s/it]
 30%|███       | 161/528 [1:13:47<2:43:23, 26.71s/it]
 31%|███       | 162/528 [1:14:14<2:43:37, 26.82s/it]
 31%|███       | 163/528 [1:14:43<2:46:46, 27.41s/it]
 31%|███       | 164/528 [1:15:10<2:44:27, 27.11s/it]
 31%|███▏      | 165/528 [1:15:37<2:44:54, 27.26s/it]
 31%|███▏      | 166/528 [1:16:03<2:41:36, 26.79s/it]
 32%|███▏      | 167/528 [1:16:27<2:36:16, 25.97s/it]
 32%|███▏      | 168/528 [1:16:57<2:43:54, 27.32s/it]
 32%|███▏      | 169/528 [1:17:27<2:46:47, 27.88s/it]
 32%|███▏      | 170/528 [1:17:56<2:48:58, 28.32s/it]
 32%|███▏      | 171/528 [1:18:25<2:50:33, 28.67s/it]
 33%|███▎      | 172/528 [1:18:52<2:45:30, 27.89s/it]
                                                     
{'loss': '0.04302', 'grad_norm': '0.02019', 'learning_rate': '0.0001619', 'epoch': '0.9815'}

 33%|███▎      | 172/528 [1:18:52<2:45:30, 27.89s/it]
 33%|███▎      | 173/528 [1:19:19<2:43:27, 27.63s/it]
 33%|███▎      | 174/528 [1:19:49<2:48:20, 28.53s/it]
 33%|███▎      | 175/528 [1:20:17<2:47:01, 28.39s/it]Unsloth: Not an error, but Qwen3_5ForConditionalGeneration does not accept `num_items_in_batch`.
Using gradient accumulation will be very slightly less accurate.
Read more on gradient accumulation issues here: https://unsloth.ai/blog/gradient


  0%|          | 0/9 [00:00<?, ?it/s][A

 22%|██▏       | 2/9 [00:00<00:01,  5.80it/s][A

 33%|███▎      | 3/9 [00:00<00:01,  3.24it/s][A

 44%|████▍     | 4/9 [00:01<00:01,  2.82it/s][A

 56%|█████▌    | 5/9 [00:01<00:01,  2.47it/s][A

 67%|██████▋   | 6/9 [00:02<00:01,  2.41it/s][A

 78%|███████▊  | 7/9 [00:02<00:00,  2.22it/s][A

 89%|████████▉ | 8/9 [00:03<00:00,  2.23it/s][A

100%|██████████| 9/9 [00:03<00:00,  2.22it/s][A
                                                     

                                             
[A{'eval_loss': '0.2293', 'eval_runtime': '9.912', 'eval_samples_per_second': '0.908', 'eval_steps_per_second': '0.908', 'epoch': '0.9986'}

 33%|███▎      | 175/528 [1:20:27<2:47:01, 28.39s/it]

100%|██████████| 9/9 [00:03<00:00,  2.22it/s][A

                                             [A
 33%|███▎      | 176/528 [1:20:35<2:27:07, 25.08s/it]
 34%|███▎      | 177/528 [1:21:01<2:29:24, 25.54s/it]
 34%|███▎      | 178/528 [1:21:29<2:32:50, 26.20s/it]
 34%|███▍      | 179/528 [1:21:53<2:29:10, 25.65s/it]
 34%|███▍      | 180/528 [1:22:19<2:28:52, 25.67s/it]
 34%|███▍      | 181/528 [1:22:44<2:27:02, 25.42s/it]
 34%|███▍      | 182/528 [1:23:09<2:25:35, 25.25s/it]
 35%|███▍      | 183/528 [1:23:37<2:30:17, 26.14s/it]
 35%|███▍      | 184/528 [1:24:05<2:32:23, 26.58s/it]
 35%|███▌      | 185/528 [1:24:30<2:30:45, 26.37s/it]
 35%|███▌      | 186/528 [1:24:57<2:29:55, 26.30s/it]
 35%|███▌      | 187/528 [1:25:27<2:37:12, 27.66s/it]
 36%|███▌      | 188/528 [1:25:55<2:36:41, 27.65s/it]
 36%|███▌      | 189/528 [1:26:22<2:35:02, 27.44s/it]
 36%|███▌      | 190/528 [1:26:49<2:33:55, 27.32s/it]
 36%|███▌      | 191/528 [1:27:20<2:39:38, 28.42s/it]
 36%|███▋      | 192/528 [1:27:48<2:38:08, 28.24s/it]
 37%|███▋      | 193/528 [1:28:18<2:40:52, 28.81s/it]
 37%|███▋      | 194/528 [1:28:48<2:43:12, 29.32s/it]
 37%|███▋      | 195/528 [1:29:13<2:34:34, 27.85s/it]
 37%|███▋      | 196/528 [1:29:41<2:34:28, 27.92s/it]
 37%|███▋      | 197/528 [1:30:07<2:30:57, 27.37s/it]
 38%|███▊      | 198/528 [1:30:33<2:28:17, 26.96s/it]
 38%|███▊      | 199/528 [1:31:00<2:28:22, 27.06s/it]
 38%|███▊      | 200/528 [1:31:27<2:26:58, 26.88s/it]
 38%|███▊      | 201/528 [1:31:55<2:28:25, 27.23s/it]
 38%|███▊      | 202/528 [1:32:26<2:33:38, 28.28s/it]
 38%|███▊      | 203/528 [1:32:52<2:29:40, 27.63s/it]
 39%|███▊      | 204/528 [1:33:17<2:25:28, 26.94s/it]
 39%|███▉      | 205/528 [1:33:43<2:22:57, 26.56s/it]
 39%|███▉      | 206/528 [1:34:13<2:27:59, 27.58s/it]
 39%|███▉      | 207/528 [1:34:41<2:28:37, 27.78s/it]
 39%|███▉      | 208/528 [1:35:09<2:29:09, 27.97s/it]
 40%|███▉      | 209/528 [1:35:38<2:30:11, 28.25s/it]
 40%|███▉      | 210/528 [1:36:03<2:24:07, 27.19s/it]
 40%|███▉      | 211/528 [1:36:30<2:23:50, 27.23s/it]
 40%|████      | 212/528 [1:36:55<2:19:00, 26.39s/it]
 40%|████      | 213/528 [1:37:21<2:18:03, 26.30s/it]
 41%|████      | 214/528 [1:37:46<2:15:12, 25.84s/it]
 41%|████      | 215/528 [1:38:13<2:17:48, 26.42s/it]
                                                     
{'loss': '0.02681', 'grad_norm': '0.02035', 'learning_rate': '0.0001388', 'epoch': '1.223'}

 41%|████      | 215/528 [1:38:13<2:17:48, 26.42s/it]
 41%|████      | 216/528 [1:38:43<2:22:00, 27.31s/it]
 41%|████      | 217/528 [1:39:08<2:18:47, 26.78s/it]
 41%|████▏     | 218/528 [1:39:35<2:17:59, 26.71s/it]
 41%|████▏     | 219/528 [1:40:03<2:19:06, 27.01s/it]
 42%|████▏     | 220/528 [1:40:31<2:20:31, 27.38s/it]
 42%|████▏     | 221/528 [1:40:57<2:18:17, 27.03s/it]
 42%|████▏     | 222/528 [1:41:26<2:20:11, 27.49s/it]
 42%|████▏     | 223/528 [1:41:53<2:19:50, 27.51s/it]
 42%|████▏     | 224/528 [1:42:21<2:19:55, 27.62s/it]
 43%|████▎     | 225/528 [1:42:48<2:18:11, 27.36s/it]
 43%|████▎     | 226/528 [1:43:16<2:19:46, 27.77s/it]
 43%|████▎     | 227/528 [1:43:44<2:19:03, 27.72s/it]
 43%|████▎     | 228/528 [1:44:13<2:20:05, 28.02s/it]
 43%|████▎     | 229/528 [1:44:39<2:17:23, 27.57s/it]
 44%|████▎     | 230/528 [1:45:07<2:17:35, 27.70s/it]
 44%|████▍     | 231/528 [1:45:36<2:18:00, 27.88s/it]
 44%|████▍     | 232/528 [1:46:03<2:16:40, 27.70s/it]
 44%|████▍     | 233/528 [1:46:30<2:15:26, 27.55s/it]
 44%|████▍     | 234/528 [1:46:56<2:13:17, 27.20s/it]
 45%|████▍     | 235/528 [1:47:23<2:11:33, 26.94s/it]
 45%|████▍     | 236/528 [1:47:53<2:16:00, 27.95s/it]
 45%|████▍     | 237/528 [1:48:21<2:15:30, 27.94s/it]
 45%|████▌     | 238/528 [1:48:46<2:10:34, 27.01s/it]
 45%|████▌     | 239/528 [1:49:13<2:09:45, 26.94s/it]
 45%|████▌     | 240/528 [1:49:38<2:07:31, 26.57s/it]
 46%|████▌     | 241/528 [1:50:06<2:08:12, 26.80s/it]
 46%|████▌     | 242/528 [1:50:33<2:08:05, 26.87s/it]
 46%|████▌     | 243/528 [1:50:59<2:07:16, 26.80s/it]
 46%|████▌     | 244/528 [1:51:27<2:07:43, 26.98s/it]
 46%|████▋     | 245/528 [1:51:54<2:08:00, 27.14s/it]
 47%|████▋     | 246/528 [1:52:22<2:08:57, 27.44s/it]
 47%|████▋     | 247/528 [1:52:49<2:07:20, 27.19s/it]
 47%|████▋     | 248/528 [1:53:17<2:08:04, 27.44s/it]
 47%|████▋     | 249/528 [1:53:44<2:06:29, 27.20s/it]
 47%|████▋     | 250/528 [1:54:12<2:07:15, 27.47s/it]
 48%|████▊     | 251/528 [1:54:38<2:05:29, 27.18s/it]
 48%|████▊     | 252/528 [1:55:09<2:10:23, 28.35s/it]
 48%|████▊     | 253/528 [1:55:34<2:05:19, 27.34s/it]
 48%|████▊     | 254/528 [1:56:01<2:03:42, 27.09s/it]
 48%|████▊     | 255/528 [1:56:31<2:07:01, 27.92s/it]
 48%|████▊     | 256/528 [1:56:56<2:02:41, 27.06s/it]
 49%|████▊     | 257/528 [1:57:22<2:01:16, 26.85s/it]
 49%|████▉     | 258/528 [1:57:48<1:58:50, 26.41s/it]
                                                     
{'loss': '0.01851', 'grad_norm': '0.01714', 'learning_rate': '0.0001128', 'epoch': '1.468'}

 49%|████▉     | 258/528 [1:57:48<1:58:50, 26.41s/it]
 49%|████▉     | 259/528 [1:58:16<2:01:25, 27.08s/it]
 49%|████▉     | 260/528 [1:58:45<2:02:43, 27.47s/it]
 49%|████▉     | 261/528 [1:59:14<2:04:54, 28.07s/it]
 50%|████▉     | 262/528 [1:59:39<2:00:28, 27.17s/it]
 50%|████▉     | 263/528 [2:00:09<2:03:26, 27.95s/it]
 50%|█████     | 264/528 [2:00:36<2:01:21, 27.58s/it]
 50%|█████     | 265/528 [2:01:04<2:01:53, 27.81s/it]
 50%|█████     | 266/528 [2:01:31<2:00:15, 27.54s/it]
 51%|█████     | 267/528 [2:01:54<1:53:39, 26.13s/it]
 51%|█████     | 268/528 [2:02:23<1:57:44, 27.17s/it]
 51%|█████     | 269/528 [2:02:49<1:55:52, 26.84s/it]
 51%|█████     | 270/528 [2:03:17<1:56:39, 27.13s/it]
 51%|█████▏    | 271/528 [2:03:45<1:56:30, 27.20s/it]
 52%|█████▏    | 272/528 [2:04:13<1:58:14, 27.71s/it]
 52%|█████▏    | 273/528 [2:04:42<1:59:24, 28.10s/it]
 52%|█████▏    | 274/528 [2:05:12<2:00:41, 28.51s/it]
 52%|█████▏    | 275/528 [2:05:39<1:58:19, 28.06s/it]
 52%|█████▏    | 276/528 [2:06:08<1:58:58, 28.33s/it]
 52%|█████▏    | 277/528 [2:06:37<1:59:54, 28.66s/it]
 53%|█████▎    | 278/528 [2:07:04<1:57:03, 28.09s/it]
 53%|█████▎    | 279/528 [2:07:31<1:55:13, 27.76s/it]
 53%|█████▎    | 280/528 [2:07:57<1:52:33, 27.23s/it]
 53%|█████▎    | 281/528 [2:08:24<1:51:37, 27.12s/it]
 53%|█████▎    | 282/528 [2:08:48<1:47:02, 26.11s/it]
 54%|█████▎    | 283/528 [2:09:16<1:49:01, 26.70s/it]
 54%|█████▍    | 284/528 [2:09:42<1:48:22, 26.65s/it]
 54%|█████▍    | 285/528 [2:10:08<1:47:23, 26.52s/it]
 54%|█████▍    | 286/528 [2:10:34<1:45:46, 26.23s/it]
 54%|█████▍    | 287/528 [2:11:00<1:45:08, 26.18s/it]
 55%|█████▍    | 288/528 [2:11:28<1:46:55, 26.73s/it]
 55%|█████▍    | 289/528 [2:11:54<1:45:36, 26.51s/it]
 55%|█████▍    | 290/528 [2:12:22<1:46:49, 26.93s/it]
 55%|█████▌    | 291/528 [2:12:48<1:45:49, 26.79s/it]
 55%|█████▌    | 292/528 [2:13:17<1:47:40, 27.37s/it]
 55%|█████▌    | 293/528 [2:13:43<1:45:06, 26.84s/it]
 56%|█████▌    | 294/528 [2:14:09<1:43:50, 26.63s/it]
 56%|█████▌    | 295/528 [2:14:36<1:43:30, 26.65s/it]
 56%|█████▌    | 296/528 [2:15:02<1:42:44, 26.57s/it]
 56%|█████▋    | 297/528 [2:15:29<1:42:23, 26.59s/it]
 56%|█████▋    | 298/528 [2:15:55<1:41:28, 26.47s/it]
 57%|█████▋    | 299/528 [2:16:23<1:42:27, 26.84s/it]
 57%|█████▋    | 300/528 [2:16:48<1:40:47, 26.52s/it]
 57%|█████▋    | 301/528 [2:17:17<1:42:56, 27.21s/it]
                                                     
{'loss': '0.01341', 'grad_norm': '0.009817', 'learning_rate': '8.594e-05', 'epoch': '1.713'}

 57%|█████▋    | 301/528 [2:17:17<1:42:56, 27.21s/it]
 57%|█████▋    | 302/528 [2:17:44<1:42:08, 27.12s/it]
 57%|█████▋    | 303/528 [2:18:11<1:40:56, 26.92s/it]
 58%|█████▊    | 304/528 [2:18:36<1:38:50, 26.47s/it]
 58%|█████▊    | 305/528 [2:19:03<1:39:12, 26.69s/it]
 58%|█████▊    | 306/528 [2:19:33<1:41:46, 27.51s/it]
 58%|█████▊    | 307/528 [2:20:01<1:42:16, 27.77s/it]
 58%|█████▊    | 308/528 [2:20:26<1:38:44, 26.93s/it]
 59%|█████▊    | 309/528 [2:20:54<1:39:45, 27.33s/it]
 59%|█████▊    | 310/528 [2:21:22<1:39:44, 27.45s/it]
 59%|█████▉    | 311/528 [2:21:48<1:38:21, 27.19s/it]
 59%|█████▉    | 312/528 [2:22:18<1:40:06, 27.81s/it]
 59%|█████▉    | 313/528 [2:22:44<1:38:12, 27.41s/it]
 59%|█████▉    | 314/528 [2:23:13<1:39:28, 27.89s/it]
 60%|█████▉    | 315/528 [2:23:43<1:41:10, 28.50s/it]
 60%|█████▉    | 316/528 [2:24:12<1:41:00, 28.59s/it]
 60%|██████    | 317/528 [2:24:38<1:38:19, 27.96s/it]
 60%|██████    | 318/528 [2:25:06<1:37:30, 27.86s/it]
 60%|██████    | 319/528 [2:25:35<1:38:05, 28.16s/it]
 61%|██████    | 320/528 [2:26:00<1:34:25, 27.24s/it]
 61%|██████    | 321/528 [2:26:28<1:35:13, 27.60s/it]
 61%|██████    | 322/528 [2:26:54<1:32:52, 27.05s/it]
 61%|██████    | 323/528 [2:27:22<1:33:14, 27.29s/it]
 61%|██████▏   | 324/528 [2:27:50<1:33:44, 27.57s/it]
 62%|██████▏   | 325/528 [2:28:16<1:31:41, 27.10s/it]
 62%|██████▏   | 326/528 [2:28:43<1:30:27, 26.87s/it]
 62%|██████▏   | 327/528 [2:29:10<1:30:37, 27.05s/it]
 62%|██████▏   | 328/528 [2:29:39<1:31:39, 27.50s/it]
 62%|██████▏   | 329/528 [2:30:07<1:32:08, 27.78s/it]
 62%|██████▎   | 330/528 [2:30:34<1:31:01, 27.58s/it]
 63%|██████▎   | 331/528 [2:31:02<1:31:07, 27.75s/it]
 63%|██████▎   | 332/528 [2:31:30<1:30:40, 27.76s/it]
 63%|██████▎   | 333/528 [2:32:00<1:32:11, 28.36s/it]
 63%|██████▎   | 334/528 [2:32:30<1:33:34, 28.94s/it]
 63%|██████▎   | 335/528 [2:32:56<1:29:58, 27.97s/it]
 64%|██████▎   | 336/528 [2:33:24<1:29:30, 27.97s/it]
 64%|██████▍   | 337/528 [2:33:54<1:30:40, 28.49s/it]
 64%|██████▍   | 338/528 [2:34:23<1:30:45, 28.66s/it]
 64%|██████▍   | 339/528 [2:34:49<1:28:33, 28.12s/it]
 64%|██████▍   | 340/528 [2:35:14<1:24:57, 27.11s/it]
 65%|██████▍   | 341/528 [2:35:42<1:24:39, 27.16s/it]
 65%|██████▍   | 342/528 [2:36:10<1:25:38, 27.62s/it]
 65%|██████▍   | 343/528 [2:36:40<1:27:28, 28.37s/it]
 65%|██████▌   | 344/528 [2:37:07<1:25:51, 28.00s/it]
                                                     
{'loss': '0.01235', 'grad_norm': '0.01353', 'learning_rate': '6.007e-05', 'epoch': '1.959'}

 65%|██████▌   | 344/528 [2:37:07<1:25:51, 28.00s/it]
 65%|██████▌   | 345/528 [2:37:35<1:24:49, 27.81s/it]
 66%|██████▌   | 346/528 [2:38:04<1:25:45, 28.27s/it]
 66%|██████▌   | 347/528 [2:38:30<1:23:08, 27.56s/it]
 66%|██████▌   | 348/528 [2:38:58<1:22:37, 27.54s/it]
 66%|██████▌   | 349/528 [2:39:21<1:18:38, 26.36s/it]
 66%|██████▋   | 350/528 [2:39:49<1:19:34, 26.82s/it]

  0%|          | 0/9 [00:00<?, ?it/s][A

 22%|██▏       | 2/9 [00:00<00:01,  4.67it/s][A

 33%|███▎      | 3/9 [00:00<00:02,  3.00it/s][A

 44%|████▍     | 4/9 [00:01<00:01,  2.69it/s][A

 56%|█████▌    | 5/9 [00:01<00:01,  2.34it/s][A

 67%|██████▋   | 6/9 [00:02<00:01,  2.32it/s][A

 78%|███████▊  | 7/9 [00:02<00:00,  2.15it/s][A

 89%|████████▉ | 8/9 [00:03<00:00,  2.18it/s][A

100%|██████████| 9/9 [00:03<00:00,  2.18it/s][A
                                                     

                                             
[A{'eval_loss': '0.2382', 'eval_runtime': '4.469', 'eval_samples_per_second': '2.014', 'eval_steps_per_second': '2.014', 'epoch': '1.993'}

 66%|██████▋   | 350/528 [2:39:54<1:19:34, 26.82s/it]

100%|██████████| 9/9 [00:03<00:00,  2.18it/s][A

                                             [A
 66%|██████▋   | 351/528 [2:40:24<1:25:55, 29.13s/it]
 67%|██████▋   | 352/528 [2:40:30<1:05:19, 22.27s/it]
 67%|██████▋   | 353/528 [2:40:57<1:09:07, 23.70s/it]
 67%|██████▋   | 354/528 [2:41:21<1:09:29, 23.96s/it]
 67%|██████▋   | 355/528 [2:41:49<1:11:45, 24.89s/it]
 67%|██████▋   | 356/528 [2:42:15<1:12:22, 25.25s/it]
 68%|██████▊   | 357/528 [2:42:42<1:13:35, 25.82s/it]
 68%|██████▊   | 358/528 [2:43:07<1:12:17, 25.51s/it]
 68%|██████▊   | 359/528 [2:43:34<1:13:24, 26.06s/it]
 68%|██████▊   | 360/528 [2:44:00<1:12:57, 26.06s/it]
 68%|██████▊   | 361/528 [2:44:29<1:14:51, 26.89s/it]
 69%|██████▊   | 362/528 [2:44:54<1:12:58, 26.38s/it]
 69%|██████▉   | 363/528 [2:45:19<1:11:02, 25.84s/it]
 69%|██████▉   | 364/528 [2:45:45<1:11:15, 26.07s/it]
 69%|██████▉   | 365/528 [2:46:12<1:11:10, 26.20s/it]
 69%|██████▉   | 366/528 [2:46:41<1:13:22, 27.18s/it]
 70%|██████▉   | 367/528 [2:47:12<1:15:45, 28.23s/it]
 70%|██████▉   | 368/528 [2:47:39<1:14:16, 27.85s/it]
 70%|██████▉   | 369/528 [2:48:06<1:13:01, 27.56s/it]
 70%|███████   | 370/528 [2:48:37<1:15:19, 28.60s/it]
 70%|███████   | 371/528 [2:49:05<1:14:42, 28.55s/it]
 70%|███████   | 372/528 [2:49:33<1:13:58, 28.45s/it]
 71%|███████   | 373/528 [2:50:00<1:12:17, 27.98s/it]
 71%|███████   | 374/528 [2:50:29<1:12:30, 28.25s/it]
 71%|███████   | 375/528 [2:50:54<1:09:43, 27.35s/it]
 71%|███████   | 376/528 [2:51:23<1:10:23, 27.79s/it]
 71%|███████▏  | 377/528 [2:51:49<1:08:49, 27.35s/it]
 72%|███████▏  | 378/528 [2:52:19<1:10:01, 28.01s/it]
 72%|███████▏  | 379/528 [2:52:46<1:08:46, 27.70s/it]
 72%|███████▏  | 380/528 [2:53:15<1:09:18, 28.10s/it]
 72%|███████▏  | 381/528 [2:53:41<1:07:19, 27.48s/it]
 72%|███████▏  | 382/528 [2:54:10<1:07:40, 27.81s/it]
 73%|███████▎  | 383/528 [2:54:38<1:07:45, 28.04s/it]
 73%|███████▎  | 384/528 [2:55:06<1:07:25, 28.09s/it]
 73%|███████▎  | 385/528 [2:55:33<1:06:01, 27.70s/it]
 73%|███████▎  | 386/528 [2:56:01<1:05:41, 27.76s/it]
 73%|███████▎  | 387/528 [2:56:30<1:05:56, 28.06s/it]
                                                     
{'loss': '0.00726', 'grad_norm': '0.005262', 'learning_rate': '3.709e-05', 'epoch': '2.2'}

 73%|███████▎  | 387/528 [2:56:30<1:05:56, 28.06s/it]
 73%|███████▎  | 388/528 [2:56:57<1:04:43, 27.74s/it]
 74%|███████▎  | 389/528 [2:57:25<1:04:21, 27.78s/it]
 74%|███████▍  | 390/528 [2:57:53<1:04:17, 27.95s/it]
 74%|███████▍  | 391/528 [2:58:18<1:01:25, 26.90s/it]
 74%|███████▍  | 392/528 [2:58:44<1:00:23, 26.64s/it]
 74%|███████▍  | 393/528 [2:59:11<1:00:09, 26.74s/it]
 75%|███████▍  | 394/528 [2:59:37<59:12, 26.51s/it]  
 75%|███████▍  | 395/528 [3:00:05<59:51, 27.00s/it]
 75%|███████▌  | 396/528 [3:00:29<57:35, 26.18s/it]
 75%|███████▌  | 397/528 [3:00:57<58:40, 26.88s/it]
 75%|███████▌  | 398/528 [3:01:25<58:24, 26.95s/it]
 76%|███████▌  | 399/528 [3:01:51<57:49, 26.89s/it]
 76%|███████▌  | 400/528 [3:02:19<58:08, 27.25s/it]
 76%|███████▌  | 401/528 [3:02:46<57:22, 27.11s/it]
 76%|███████▌  | 402/528 [3:03:15<57:57, 27.60s/it]
 76%|███████▋  | 403/528 [3:03:44<58:07, 27.90s/it]
 77%|███████▋  | 404/528 [3:04:11<57:23, 27.77s/it]
 77%|███████▋  | 405/528 [3:04:37<55:33, 27.10s/it]
 77%|███████▋  | 406/528 [3:05:04<55:32, 27.32s/it]
 77%|███████▋  | 407/528 [3:05:32<55:12, 27.37s/it]
 77%|███████▋  | 408/528 [3:06:01<55:56, 27.97s/it]
 77%|███████▋  | 409/528 [3:06:28<54:52, 27.67s/it]
 78%|███████▊  | 410/528 [3:06:54<53:34, 27.25s/it]
 78%|███████▊  | 411/528 [3:07:23<53:53, 27.64s/it]
 78%|███████▊  | 412/528 [3:07:49<52:18, 27.06s/it]
 78%|███████▊  | 413/528 [3:08:15<51:27, 26.85s/it]
 78%|███████▊  | 414/528 [3:08:45<52:33, 27.66s/it]
 79%|███████▊  | 415/528 [3:09:12<52:11, 27.72s/it]
 79%|███████▉  | 416/528 [3:09:40<51:30, 27.60s/it]
 79%|███████▉  | 417/528 [3:10:05<49:41, 26.86s/it]
 79%|███████▉  | 418/528 [3:10:35<50:56, 27.79s/it]
 79%|███████▉  | 419/528 [3:11:01<49:43, 27.37s/it]
 80%|███████▉  | 420/528 [3:11:29<49:17, 27.39s/it]
 80%|███████▉  | 421/528 [3:11:59<50:09, 28.13s/it]
 80%|███████▉  | 422/528 [3:12:28<50:14, 28.44s/it]
 80%|████████  | 423/528 [3:12:53<47:56, 27.40s/it]
 80%|████████  | 424/528 [3:13:17<45:53, 26.48s/it]
 80%|████████  | 425/528 [3:13:45<46:08, 26.88s/it]
 81%|████████  | 426/528 [3:14:11<45:06, 26.54s/it]
 81%|████████  | 427/528 [3:14:36<44:17, 26.32s/it]
 81%|████████  | 428/528 [3:15:05<44:47, 26.88s/it]
 81%|████████▏ | 429/528 [3:15:32<44:26, 26.94s/it]
 81%|████████▏ | 430/528 [3:15:59<44:05, 27.00s/it]
                                                   
{'loss': '0.007526', 'grad_norm': '0.004426', 'learning_rate': '1.866e-05', 'epoch': '2.445'}

 81%|████████▏ | 430/528 [3:15:59<44:05, 27.00s/it]
 82%|████████▏ | 431/528 [3:16:24<42:57, 26.57s/it]
 82%|████████▏ | 432/528 [3:16:52<43:15, 27.03s/it]
 82%|████████▏ | 433/528 [3:17:19<42:39, 26.94s/it]
 82%|████████▏ | 434/528 [3:17:48<43:06, 27.52s/it]
 82%|████████▏ | 435/528 [3:18:16<42:44, 27.58s/it]
 83%|████████▎ | 436/528 [3:18:43<42:04, 27.44s/it]
 83%|████████▎ | 437/528 [3:19:09<41:11, 27.16s/it]
 83%|████████▎ | 438/528 [3:19:37<40:56, 27.29s/it]
 83%|████████▎ | 439/528 [3:20:03<39:53, 26.90s/it]
 83%|████████▎ | 440/528 [3:20:32<40:32, 27.64s/it]
 84%|████████▎ | 441/528 [3:20:59<39:48, 27.46s/it]
 84%|████████▎ | 442/528 [3:21:26<38:49, 27.09s/it]
 84%|████████▍ | 443/528 [3:21:53<38:27, 27.15s/it]
 84%|████████▍ | 444/528 [3:22:21<38:23, 27.42s/it]
 84%|████████▍ | 445/528 [3:22:47<37:27, 27.07s/it]
 84%|████████▍ | 446/528 [3:23:13<36:35, 26.77s/it]
 85%|████████▍ | 447/528 [3:23:38<35:17, 26.14s/it]
 85%|████████▍ | 448/528 [3:24:02<34:09, 25.61s/it]
 85%|████████▌ | 449/528 [3:24:30<34:37, 26.29s/it]
 85%|████████▌ | 450/528 [3:24:57<34:24, 26.46s/it]
 85%|████████▌ | 451/528 [3:25:23<33:39, 26.22s/it]
 86%|████████▌ | 452/528 [3:25:52<34:21, 27.12s/it]
 86%|████████▌ | 453/528 [3:26:17<33:10, 26.54s/it]
 86%|████████▌ | 454/528 [3:26:46<33:37, 27.26s/it]
 86%|████████▌ | 455/528 [3:27:14<33:28, 27.51s/it]
 86%|████████▋ | 456/528 [3:27:42<33:00, 27.51s/it]
 87%|████████▋ | 457/528 [3:28:11<33:17, 28.14s/it]
 87%|████████▋ | 458/528 [3:28:38<32:13, 27.62s/it]
 87%|████████▋ | 459/528 [3:29:05<31:41, 27.56s/it]
 87%|████████▋ | 460/528 [3:29:33<31:10, 27.51s/it]
 87%|████████▋ | 461/528 [3:29:59<30:27, 27.27s/it]
 88%|████████▊ | 462/528 [3:30:29<30:48, 28.00s/it]
 88%|████████▊ | 463/528 [3:30:57<30:15, 27.93s/it]
 88%|████████▊ | 464/528 [3:31:26<30:09, 28.27s/it]
 88%|████████▊ | 465/528 [3:31:49<28:12, 26.86s/it]
 88%|████████▊ | 466/528 [3:32:17<27:51, 26.96s/it]
 88%|████████▊ | 467/528 [3:32:44<27:26, 26.98s/it]
 89%|████████▊ | 468/528 [3:33:11<27:02, 27.04s/it]
 89%|████████▉ | 469/528 [3:33:38<26:35, 27.04s/it]
 89%|████████▉ | 470/528 [3:34:03<25:45, 26.64s/it]
 89%|████████▉ | 471/528 [3:34:29<24:51, 26.16s/it]
 89%|████████▉ | 472/528 [3:34:56<24:42, 26.47s/it]
 90%|████████▉ | 473/528 [3:35:26<25:13, 27.51s/it]
                                                   
{'loss': '0.006943', 'grad_norm': '0.002506', 'learning_rate': '6.102e-06', 'epoch': '2.69'}

 90%|████████▉ | 473/528 [3:35:26<25:13, 27.51s/it]
 90%|████████▉ | 474/528 [3:35:55<25:10, 27.97s/it]
 90%|████████▉ | 475/528 [3:36:22<24:27, 27.69s/it]
 90%|█████████ | 476/528 [3:36:48<23:35, 27.23s/it]
 90%|█████████ | 477/528 [3:37:17<23:30, 27.65s/it]
 91%|█████████ | 478/528 [3:37:43<22:43, 27.27s/it]
 91%|█████████ | 479/528 [3:38:10<22:13, 27.21s/it]
 91%|█████████ | 480/528 [3:38:35<21:12, 26.50s/it]
 91%|█████████ | 481/528 [3:39:01<20:35, 26.29s/it]
 91%|█████████▏| 482/528 [3:39:27<20:09, 26.29s/it]
 91%|█████████▏| 483/528 [3:39:54<20:00, 26.67s/it]
 92%|█████████▏| 484/528 [3:40:23<19:58, 27.24s/it]
 92%|█████████▏| 485/528 [3:40:52<19:58, 27.88s/it]
 92%|█████████▏| 486/528 [3:41:21<19:36, 28.01s/it]
 92%|█████████▏| 487/528 [3:41:49<19:12, 28.11s/it]
 92%|█████████▏| 488/528 [3:42:15<18:18, 27.46s/it]
 93%|█████████▎| 489/528 [3:42:41<17:33, 27.01s/it]
 93%|█████████▎| 490/528 [3:43:08<17:12, 27.16s/it]
 93%|█████████▎| 491/528 [3:43:35<16:35, 26.89s/it]
 93%|█████████▎| 492/528 [3:44:01<16:04, 26.79s/it]
 93%|█████████▎| 493/528 [3:44:28<15:36, 26.76s/it]
 94%|█████████▎| 494/528 [3:44:56<15:18, 27.02s/it]
 94%|█████████▍| 495/528 [3:45:25<15:14, 27.72s/it]
 94%|█████████▍| 496/528 [3:45:53<14:51, 27.86s/it]
 94%|█████████▍| 497/528 [3:46:21<14:19, 27.71s/it]
 94%|█████████▍| 498/528 [3:46:47<13:43, 27.46s/it]
 95%|█████████▍| 499/528 [3:47:19<13:56, 28.84s/it]
 95%|█████████▍| 500/528 [3:47:45<13:00, 27.86s/it]
 95%|█████████▍| 501/528 [3:48:12<12:27, 27.67s/it]
 95%|█████████▌| 502/528 [3:48:38<11:47, 27.20s/it]
 95%|█████████▌| 503/528 [3:49:02<10:53, 26.15s/it]
 95%|█████████▌| 504/528 [3:49:33<11:02, 27.62s/it]
 96%|█████████▌| 505/528 [3:50:02<10:41, 27.90s/it]
 96%|█████████▌| 506/528 [3:50:32<10:28, 28.57s/it]
 96%|█████████▌| 507/528 [3:50:59<09:50, 28.12s/it]
 96%|█████████▌| 508/528 [3:51:27<09:21, 28.06s/it]
 96%|█████████▋| 509/528 [3:51:56<08:59, 28.40s/it]
 97%|█████████▋| 510/528 [3:52:22<08:16, 27.56s/it]
 97%|█████████▋| 511/528 [3:52:49<07:47, 27.52s/it]
 97%|█████████▋| 512/528 [3:53:15<07:15, 27.20s/it]
 97%|█████████▋| 513/528 [3:53:43<06:48, 27.25s/it]
 97%|█████████▋| 514/528 [3:54:11<06:24, 27.43s/it]
 98%|█████████▊| 515/528 [3:54:38<05:57, 27.49s/it]
 98%|█████████▊| 516/528 [3:55:05<05:27, 27.25s/it]
                                                   
{'loss': '0.005972', 'grad_norm': '0.005702', 'learning_rate': '3.321e-07', 'epoch': '2.936'}

 98%|█████████▊| 516/528 [3:55:05<05:27, 27.25s/it]
 98%|█████████▊| 517/528 [3:55:32<04:59, 27.25s/it]
 98%|█████████▊| 518/528 [3:56:00<04:33, 27.31s/it]
 98%|█████████▊| 519/528 [3:56:25<04:01, 26.80s/it]
 98%|█████████▊| 520/528 [3:56:55<03:41, 27.73s/it]
 99%|█████████▊| 521/528 [3:57:23<03:14, 27.85s/it]
 99%|█████████▉| 522/528 [3:57:50<02:45, 27.54s/it]
 99%|█████████▉| 523/528 [3:58:17<02:16, 27.38s/it]
 99%|█████████▉| 524/528 [3:58:46<01:50, 27.73s/it]
 99%|█████████▉| 525/528 [3:59:16<01:25, 28.64s/it]

  0%|          | 0/9 [00:00<?, ?it/s][A

 22%|██▏       | 2/9 [00:00<00:01,  4.70it/s][A

 33%|███▎      | 3/9 [00:00<00:01,  3.00it/s][A

 44%|████▍     | 4/9 [00:01<00:01,  2.70it/s][A

 56%|█████▌    | 5/9 [00:01<00:01,  2.39it/s][A

 67%|██████▋   | 6/9 [00:02<00:01,  2.36it/s][A

 78%|███████▊  | 7/9 [00:02<00:00,  2.17it/s][A

 89%|████████▉ | 8/9 [00:03<00:00,  2.19it/s][A

100%|██████████| 9/9 [00:03<00:00,  2.19it/s][A

l
                                                   

                                             
[A{'eval_loss': '0.2849', 'eval_runtime': '4.168', 'eval_samples_per_second': '2.16', 'eval_steps_per_second': '2.16', 'epoch': '2.987'
 99%|█████████▉| 525/528 [3:59:21<01:25, 28.64s/it]

100%|██████████| 9/9 [00:03<00:00,  2.19it/s][A

                                             [A
100%|█████████▉| 526/528 [3:59:47<00:58, 29.14s/it]
100%|█████████▉| 527/528 [4:00:12<00:27, 27.85s/it]
100%|██████████| 528/528 [4:00:18<00:00, 21.27s/it]
                                                   
{'train_runtime': '1.442e+04', 'train_samples_per_second': '0.583', 'train_steps_per_second': '0.037', 'train_loss': '0.07264', 'epoch': '3'}

100%|██████████| 528/528 [4:00:18<00:00, 21.27s/it]
100%|██████████| 528/528 [4:00:18<00:00, 27.31s/it]

============================================================
TRAINING COMPLETE
  Runtime  : 14418.6s
  Steps    : 0.04 steps/s
  Loss     : 0.0726
============================================================
  Removing checkpoint: checkpoint-175
  ✓ Intermediate checkpoints cleaned

Saving LoRA adapter to: /home/smayan/Desktop/RLM MCP/RLM-research/finetuned/qwen3.5-4b-rlm-lora-all-complex
✓ LoRA adapter saved

✓ Done! LoRA adapter saved to: /home/smayan/Desktop/RLM MCP/RLM-research/finetuned/qwen3.5-4b-rlm-lora-all-complex

To evaluate the fine-tuned model, load the LoRA adapter via Unsloth:
  from unsloth import FastLanguageModel
  model, tokenizer = FastLanguageModel.from_pretrained('/home/smayan/Desktop/RLM MCP/RLM-research/finetuned/qwen3.5-4b-rlm-lora-all-complex')

Or run the baseline evaluation with the merged Ollama model:
  ollama create rlm-mcp-qwen -f /home/smayan/Desktop/RLM MCP/RLM-research/finetuned/qwen3.5-4b-rlm-lora-all-complex-gguf/Modelfile
  conda run -n astro python -m src.run_baseline --all --model rlm-mcp-qwen
